campaign,platform,age_group,gender,location,impressions,clicks,spend,conversions,revenue,CTR,CPC,Conversion_Rate,ROAS,ROI
Winter Sale,Instagram,45-54,Female,Hyderabad,136790,6578,38637.73,223,53205.24,4.808831054901674,5.873780784432959,3.390088172696868,1.3770281018061876,37.702810180618776
New Product,Google,35-44,Female,Pune,120616,5604,46209.19,221,27250.03,4.646149764542018,8.24575124910778,3.9436117059243396,0.5897101853549045,-41.028981464509556
Diwali Offer,Facebook,18-24,Male,Bangalore,93752,6161,21882.75,196,48176.5,6.57159313934636,3.5518178867067034,3.18130173673105,2.2015742993910727,120.1574299391073
Winter Sale,Facebook,45-54,Male,Chandigarh,70284,2378,15789.99,76,17453.23,3.3834158556712763,6.640029436501261,3.1959629941127,1.105335088875927,10.533508887592708
Diwali Offer,Instagram,35-44,Female,Bangalore,72043,4955,18361.26,218,49977.08,6.877836847438336,3.705602421796165,4.399596367305752,2.721876385389674,172.1876385389674
Diwali Offer,Instagram,45-54,Female,Pune,112007,5215,29803.55,239,44004.54,4.65595900256234,5.71496644295302,4.582933844678811,1.4764865259339912,47.64865259339911
Summer Sale,Instagram,35-44,Female,Delhi,97844,5340,16447.51,281,49377.53,5.457667307141981,3.0800580524344565,5.262172284644195,3.002127981682334,200.21279816823343
Summer Sale,Google,18-24,Female,Pune,42532,2817,14654.67,214,34755.36,6.623248377692091,5.202225772097977,7.596734114305999,2.3716235165991457,137.16235165991458
Brand Awareness,Facebook,45-54,Female,Hyderabad,137402,3775,26564.6,115,14857.69,2.747412701416282,7.0369801324503305,3.0463576158940397,0.5593041114867154,-44.069588851328454
Tech Fest,Facebook,25-34,Male,Delhi,133012,7548,34610.82,329,49992.52,5.674675969085496,4.585429252782194,4.358770535241123,1.444418826251444,44.44188262514439
Brand Awareness,Instagram,45-54,Male,Hyderabad,71178,4519,29325.92,206,31832.05,6.34887184242322,6.48947112192963,4.558530648373535,1.085457847528739,8.545784752873912
Brand Awareness,Google,35-44,Male,Mumbai,64407,2463,17912.66,62,11641.79,3.8241184964367227,7.272699959399107,2.5172553796183514,0.6499196657559514,-35.00803342440486
Tech Fest,Google,18-24,Female,Pune,65990,3470,27978.84,143,32123.84,5.25837248067889,8.063066282420749,4.121037463976945,1.1481476715975358,14.814767159753586
Fashion Week,Instagram,35-44,Male,Pune,144473,9632,37640.44,400,74533.35,6.666989679732545,3.9078529900332226,4.152823920265781,1.980140242781434,98.01402427814341
Winter Sale,Instagram,45-54,Male,Chandigarh,73141,4568,22364.45,204,26132.04,6.2454710764140495,4.895895359019264,4.46584938704028,1.1684633424922142,16.84633424922142
Flash Sale,Instagram,45-54,Male,Bangalore,71570,2587,8833.3,114,28966.33,3.6146430068464444,3.4144955546965594,4.406648627754155,3.279219544224696,227.92195442246958
Brand Awareness,Instagram,25-34,Female,Delhi,16015,741,6265.08,16,4031.7,4.626912269747112,8.454898785425101,2.1592442645074224,0.6435193165929246,-35.648068340707546
College Offer,Facebook,18-24,Female,Delhi,76813,2460,19832.53,97,22302.87,3.2025828961243543,8.06200406504065,3.9430894308943087,1.1245600031866838,12.456000318668371
College Offer,Facebook,18-24,Male,Chandigarh,42712,1456,8357.07,62,16044.73,3.4088780670537555,5.739745879120879,4.258241758241758,1.9198989598028975,91.98989598028975
Diwali Offer,Instagram,45-54,Female,Chandigarh,115497,7212,54466.46,298,58475.8,6.244318034234656,7.552199112590127,4.132002218524681,1.0736111728208517,7.361117282085165
Tech Fest,Facebook,18-24,Male,Bangalore,127816,4746,26699.8,47,11975.02,3.713150153345434,5.6257479983143694,0.9903076274757691,0.4485059813182122,-55.149401868178785
Diwali Offer,Instagram,25-34,Male,Hyderabad,143778,5603,34971.2,126,16453.67,3.8969800664913965,6.241513474924147,2.2487952882384437,0.4704920048497049,-52.95079951502951
Festive Campaign,Instagram,35-44,Male,Bangalore,77292,4603,13968.94,261,44681.97,5.955338198002381,3.0347469041929176,5.670215077123615,3.1986657541660284,219.86657541660284
Festive Campaign,Instagram,18-24,Male,Pune,38833,2420,17016.53,102,15458.44,6.231813148610717,7.031623966942148,4.214876033057851,0.9084366789233763,-9.156332107662363
Flash Sale,Facebook,45-54,Female,Hyderabad,35309,1473,4811.23,28,4127.67,4.171740915913789,3.2662797012898843,1.9008825526137134,0.8579240651558958,-14.207593484410422
Summer Sale,Google,35-44,Female,Mumbai,21970,1273,9492.0,43,6007.63,5.794264906690942,7.4564021995286724,3.377847604084839,0.6329150863885378,-36.70849136114623
Summer Sale,Instagram,35-44,Female,Bangalore,87474,5686,40894.67,308,63798.48,6.50021720739877,7.192168483995779,5.416813225466057,1.560068341424445,56.0068341424445
Tech Fest,Facebook,25-34,Female,Chandigarh,61540,2492,16827.15,93,21332.81,4.049398765030874,6.752467897271269,3.7319422150882824,1.2677613261901153,26.776132619011534
Tech Fest,Facebook,45-54,Male,Hyderabad,33017,1127,3062.02,27,5425.97,3.4133931005239724,2.7169653948535935,2.3957409050576755,1.7720230436117335,77.20230436117336
Brand Awareness,Instagram,18-24,Female,Bangalore,90880,3187,13763.92,74,10402.53,3.5068221830985915,4.318770003137747,2.321932852212112,0.7557825096338834,-24.421749036611658
Festive Campaign,Facebook,45-54,Male,Delhi,120570,4841,19744.87,125,29194.67,4.01509496558016,4.078675893410452,2.58211113406321,1.4785951996645204,47.85951996645205
Brand Awareness,Instagram,35-44,Female,Mumbai,23702,1362,6348.03,39,8152.31,5.746350518943549,4.660814977973568,2.8634361233480177,1.28422676011298,28.422676011298005
Summer Sale,Instagram,45-54,Female,Pune,146456,8532,25816.61,511,89089.37,5.82564046539575,3.025856774496015,5.989217065166432,3.450854701682366,245.0854701682366
Winter Sale,Google,18-24,Female,Delhi,15404,457,3711.64,9,1929.4,2.966761880031161,8.121750547045952,1.9693654266958425,0.5198241208737917,-48.017587912620826
Winter Sale,Google,18-24,Male,Delhi,27763,889,5176.48,36,5629.92,3.2021035190721463,5.8228121484814395,4.049493813273341,1.0875962043705376,8.759620437053762
Tech Fest,Google,25-34,Male,Mumbai,113142,6521,28256.44,381,64132.55,5.763553764296194,4.333145223125287,5.842662168379083,2.269661358614178,126.96613586141778
Diwali Offer,Instagram,18-24,Male,Pune,95642,5214,25454.17,263,65341.83,5.451579849856757,4.881889144610663,5.044112006137323,2.567038328101054,156.7038328101054
Summer Sale,Instagram,18-24,Male,Chandigarh,65612,4145,21484.43,157,25225.29,6.31744193135402,5.183215922798553,3.787696019300362,1.1741195833447757,17.411958334477575
Winter Sale,Facebook,45-54,Female,Hyderabad,38574,1363,8319.16,44,8175.13,3.533468139161093,6.103565663976522,3.2281731474688184,0.9826869539713144,-1.731304602868556
Summer Sale,Facebook,45-54,Male,Pune,38524,1362,7619.13,37,9050.93,3.5354584155331743,5.594074889867842,2.7165932452276063,1.187921718096423,18.792171809642312
New Product,Instagram,35-44,Male,Bangalore,25916,1717,13764.08,58,12706.7,6.625250810310233,8.016354105998834,3.37798485730926,0.9231783017826111,-7.682169821738897
College Offer,Facebook,25-34,Female,Delhi,19809,570,3124.62,16,2059.34,2.8774799333636225,5.48178947368421,2.807017543859649,0.6590689427834425,-34.093105721655746
Festive Campaign,Instagram,45-54,Female,Bangalore,136288,7653,64690.41,193,27140.13,5.615314627846912,8.452947863582908,2.521886841761401,0.41953869205651967,-58.04613079434803
Brand Awareness,Google,18-24,Male,Chandigarh,53765,2121,16137.73,94,11383.2,3.9449455965776994,7.608547854785479,4.431871758604432,0.7053780178500942,-29.462198214990575
Summer Sale,Instagram,35-44,Female,Bangalore,60106,2992,11223.18,90,18749.61,4.977872425381825,3.751062834224599,3.0080213903743314,1.6706147455533993,67.06147455533993
College Offer,Facebook,45-54,Male,Pune,68932,2156,17428.18,60,10960.46,3.12772007195497,8.083571428571428,2.782931354359926,0.6288929767766915,-37.11070232233085
New Product,Instagram,25-34,Female,Bangalore,72091,4157,13294.91,181,25122.52,5.76632311939077,3.1981982198700987,4.354101515515997,1.8896344540880683,88.96344540880683
Brand Awareness,Facebook,25-34,Male,Chandigarh,36949,1080,7997.07,23,5844.55,2.922947847032396,7.404694444444444,2.1296296296296298,0.7308364188383996,-26.916358116160037
Summer Sale,Facebook,35-44,Male,Chandigarh,52744,2640,12629.07,113,21939.22,5.005308660700743,4.783738636363636,4.28030303030303,1.737199968010313,73.71999680103129
Tech Fest,Instagram,35-44,Male,Chandigarh,123319,5458,42396.9,148,22772.03,4.425919769054241,7.767845364602419,2.7116159765481864,0.5371154494786174,-46.28845505213825
College Offer,Google,35-44,Male,Pune,107193,4583,35327.32,194,36876.39,4.275465748696277,7.708339515601135,4.233035129827624,1.0438490663882796,4.384906638827966
Brand Awareness,Google,35-44,Male,Chandigarh,51187,2033,14913.18,28,6024.11,3.971711567390158,7.3355533694048205,1.3772749631087065,0.4039453691298569,-59.6054630870143
Summer Sale,Google,35-44,Female,Delhi,139454,8696,62960.63,385,50309.29,6.235747988584049,7.240182842686292,4.427322907083717,0.7990595075049282,-20.094049249507187
College Offer,Google,18-24,Male,Chandigarh,29489,1396,6041.99,80,12676.68,4.733968598460443,4.328073065902578,5.730659025787966,2.0980968190943714,109.80968190943715
New Product,Facebook,18-24,Male,Bangalore,76877,3642,10873.25,82,19103.96,4.737437725197393,2.9855161998901703,2.2515101592531575,1.7569687076081208,75.69687076081208
Summer Sale,Google,45-54,Male,Hyderabad,64922,1764,8675.14,27,4977.53,2.717106681864391,4.917879818594104,1.530612244897959,0.5737694146722704,-42.62305853277296
Summer Sale,Instagram,25-34,Male,Bangalore,109074,6348,22479.2,296,58170.16,5.8199020848231475,3.5411468178954,4.662885948330183,2.58773265952525,158.77326595252504
Summer Sale,Instagram,18-24,Male,Hyderabad,52131,3423,22830.41,160,28895.08,6.56615065891696,6.669707858603564,4.674262342974,1.265639995076742,26.5639995076742
Flash Sale,Instagram,18-24,Female,Bangalore,130765,7321,33505.28,318,40114.43,5.598592895652507,4.576598825297091,4.343668897691573,1.197256969647769,19.7256969647769
Tech Fest,Instagram,18-24,Female,Pune,88963,6030,50372.58,311,44536.75,6.778098760158717,8.353661691542289,5.157545605306799,0.8841466925061213,-11.585330749387865
New Product,Instagram,45-54,Male,Bangalore,121884,5947,37738.67,255,46505.84,4.879229431262512,6.3458331932066585,4.2878762401210695,1.2323126384687113,23.231263846871123
Brand Awareness,Instagram,35-44,Female,Pune,140917,10133,75337.67,621,92706.58,7.190757680052797,7.434883055363663,6.1284910687851575,1.2305474804304408,23.054748043044075
Flash Sale,Google,45-54,Male,Pune,39285,2851,9394.47,152,19303.55,7.257222858597428,3.2951490705015782,5.331462644686075,2.0547779704443148,105.47779704443145
Diwali Offer,Instagram,25-34,Female,Chandigarh,52626,2665,20446.11,89,21191.87,5.064036787899518,7.672086303939962,3.3395872420262664,1.036474419828515,3.647441982851498
Flash Sale,Instagram,25-34,Female,Delhi,34198,1698,13646.05,74,19045.15,4.96520264342944,8.036542991755006,4.358068315665489,1.3956529545179743,39.565295451797425
Festive Campaign,Facebook,25-34,Male,Hyderabad,30254,1586,8599.88,95,21948.8,5.242282012295895,5.422370744010088,5.989911727616646,2.5522216589068685,155.22216589068688
Festive Campaign,Instagram,25-34,Female,Chandigarh,59238,4380,26882.33,208,49822.22,7.393902562544313,6.137518264840183,4.748858447488584,1.8533445575588128,85.33445575588127
Summer Sale,Google,18-24,Female,Chandigarh,16252,629,4458.89,11,1692.64,3.8702928870292883,7.08885532591415,1.7488076311605723,0.3796101720383324,-62.03898279616675
Flash Sale,Instagram,18-24,Male,Pune,54764,2735,9706.6,134,34101.36,4.994156745307135,3.5490310786106036,4.899451553930531,3.513213689654462,251.3213689654462
Diwali Offer,Google,45-54,Male,Pune,92709,3858,21278.4,115,16970.5,4.16140827751351,5.515396578538103,2.9808190772420944,0.7975458681103842,-20.24541318896158
Flash Sale,Google,35-44,Female,Hyderabad,68682,1982,9695.9,19,4810.8,2.8857633732273373,4.891977800201817,0.958627648839556,0.4961684835858456,-50.38315164141544
Tech Fest,Instagram,25-34,Female,Bangalore,74494,3275,11063.75,140,36298.46,4.39632722098424,3.3782442748091603,4.2748091603053435,3.2808460061010054,228.08460061010055
Tech Fest,Instagram,45-54,Female,Bangalore,96317,4136,19460.73,106,23281.97,4.294153680035715,4.705205512572534,2.5628626692456478,1.1963564573374175,19.635645733741754
Diwali Offer,Google,18-24,Male,Chandigarh,80215,2870,8348.93,77,19816.73,3.57788443557938,2.909034843205575,2.682926829268293,2.373565235305602,137.3565235305602
Flash Sale,Facebook,18-24,Female,Mumbai,93587,3236,8591.16,101,20173.29,3.457745199653798,2.6548702101359702,3.1211372064276883,2.348145070048748,134.81450700487477
College Offer,Facebook,35-44,Female,Mumbai,21949,829,2744.82,26,4064.73,3.7769374458973077,3.3110012062726177,3.1363088057901085,1.4808730627144948,48.087306271449485
Tech Fest,Google,35-44,Female,Bangalore,70393,4477,37063.7,232,42033.63,6.360007387098149,8.278691087781997,5.18204154567791,1.1340915774733769,13.409157747337694
Tech Fest,Instagram,35-44,Male,Mumbai,40934,1760,10203.03,47,9545.63,4.299604240973274,5.797176136363637,2.6704545454545454,0.9355681596545339,-6.443184034546615
Winter Sale,Instagram,45-54,Male,Bangalore,90745,6062,50283.88,311,40501.97,6.680257865447133,8.29493236555592,5.130320026393929,0.8054662846224278,-19.45337153775722
Flash Sale,Instagram,18-24,Male,Pune,109456,5739,29240.13,196,40597.1,5.2432027481362375,5.094986931521171,3.41522913399547,1.388403539929542,38.8403539929542
Tech Fest,Google,18-24,Male,Chandigarh,68413,3037,13274.41,126,32427.98,4.439214769122827,4.370895620678301,4.148831083305894,2.44289426046054,144.28942604605402
New Product,Facebook,35-44,Female,Delhi,112239,4837,26781.75,191,28003.48,4.309553720186388,5.536851354145131,3.9487285507546,1.0456180047980435,4.561800479804343
Flash Sale,Instagram,25-34,Male,Chandigarh,57318,2380,12226.23,47,10855.28,4.152273282389476,5.137071428571429,1.9747899159663864,0.8878681326950336,-11.213186730496636
Festive Campaign,Instagram,35-44,Female,Bangalore,85390,5088,15945.73,276,68201.21,5.958543154936176,3.1339878144654087,5.4245283018867925,4.2770829557505365,327.7082955750537
Winter Sale,Instagram,45-54,Female,Bangalore,58088,3310,21001.81,110,27733.0,5.6982509296240185,6.344957703927493,3.3232628398791544,1.320505232644234,32.05052326442339
Tech Fest,Instagram,35-44,Female,Chandigarh,118196,7199,27329.05,372,94643.86,6.090730650783445,3.7962286428670646,5.167384358938742,3.4631229406071564,246.3122940607156
Winter Sale,Facebook,35-44,Female,Hyderabad,70479,2711,16855.72,92,17756.4,3.8465358475574285,6.217528587237182,3.3935817041682035,1.0534346797407645,5.343467974076457
Festive Campaign,Facebook,45-54,Male,Bangalore,34963,2253,14421.92,148,38009.82,6.443955038183222,6.4012072791833114,6.569019085663559,2.6355589269667283,163.55589269667286
Diwali Offer,Google,35-44,Male,Mumbai,70123,2618,8933.01,69,15595.62,3.7334398129001896,3.4121504965622615,2.635599694423224,1.745841547250031,74.58415472500312
Diwali Offer,Facebook,18-24,Male,Mumbai,140911,4034,11569.91,80,11410.72,2.862799923355877,2.8680986613782844,1.983143282102132,0.9862410338541959,-1.3758966145804117
Flash Sale,Instagram,25-34,Male,Bangalore,117468,5582,40104.27,192,35859.07,4.751932441175469,7.184570046578287,3.4396273737011827,0.8941459350837205,-10.585406491627943
Festive Campaign,Facebook,35-44,Male,Bangalore,88477,2506,13178.56,51,11248.88,2.832374515410785,5.258802873104549,2.03511572226656,0.8535742903625282,-14.64257096374718
Fashion Week,Google,45-54,Female,Hyderabad,29388,1097,3125.33,42,6494.36,3.7328161154212607,2.84897903372835,3.828623518687329,2.0779757657591356,107.79757657591358
Fashion Week,Facebook,25-34,Male,Mumbai,20569,1013,8579.3,16,3354.98,4.9248869658223535,8.469200394866732,1.5794669299111548,0.39105521429487256,-60.894478570512746
Flash Sale,Google,45-54,Male,Bangalore,84836,5263,14982.09,157,33491.88,6.203734263755953,2.8466825004750143,2.9830894926847806,2.2354611406018785,123.54611406018785
Summer Sale,Facebook,25-34,Male,Bangalore,119573,3366,22451.93,37,5282.78,2.815016767999465,6.670210932857992,1.0992275698158052,0.23529291245785997,-76.47070875421402
Winter Sale,Facebook,25-34,Male,Hyderabad,60002,1500,12603.11,50,9955.6,2.499916669444352,8.402073333333334,3.3333333333333335,0.7899320088454358,-21.006799115456424
Winter Sale,Facebook,35-44,Female,Hyderabad,39071,1588,6248.91,81,18470.25,4.064395587520156,3.935081863979849,5.100755667506298,2.9557554837563673,195.5755483756367
Diwali Offer,Instagram,18-24,Female,Chandigarh,73243,3543,11881.44,119,22591.6,4.837322337970864,3.353497036409822,3.3587355348574652,1.9014193565763071,90.1419356576307
Fashion Week,Instagram,35-44,Female,Hyderabad,140827,8815,28457.55,360,43810.0,6.259453087831169,3.2283096993760636,4.083947816222349,1.5394860063498088,53.94860063498088
Brand Awareness,Instagram,45-54,Female,Delhi,123215,7076,30565.85,289,35045.7,5.742807288073692,4.319650932730356,4.084228377614471,1.1465638940189786,14.656389401897865
Tech Fest,Facebook,45-54,Female,Mumbai,116570,1959,6085.19,62,10539.01,1.6805353006777042,3.1062736089841754,3.164880040837162,1.7319114111473923,73.19114111473924
Tech Fest,Instagram,25-34,Male,Chandigarh,84724,6233,41467.95,235,58671.78,7.356829233747226,6.652968073158992,3.7702550938552863,1.4148705204863032,41.48705204863033
Tech Fest,Facebook,25-34,Female,Delhi,130359,7371,21182.42,312,47428.6,5.654385197799922,2.8737511870845203,4.232804232804233,2.239054838871102,123.90548388711018
Diwali Offer,Google,18-24,Female,Bangalore,90697,3414,18970.0,139,29024.72,3.764181836223911,5.556531927357938,4.071470415934388,1.5300326831839748,53.00326831839748
Festive Campaign,Instagram,35-44,Female,Bangalore,43732,2201,18664.88,92,13900.34,5.032927833165645,8.480181735574739,4.179918218991367,0.7447323529537827,-25.52676470462173
College Offer,Facebook,45-54,Male,Chandigarh,136465,5244,38720.76,167,27560.64,3.8427435606199394,7.383821510297484,3.1845919145690313,0.7117794175527546,-28.82205824472454
Fashion Week,Google,25-34,Male,Hyderabad,72108,3534,21880.11,167,39867.22,4.900981860542519,6.191315789473684,4.7255234861346915,1.822075848796007,82.20758487960069
Fashion Week,Instagram,18-24,Female,Bangalore,126195,7937,34426.91,84,18651.41,6.289472641546813,4.337521733652514,1.0583343832682373,0.5417683434266972,-45.82316565733027
Brand Awareness,Instagram,45-54,Male,Pune,118081,9342,58325.61,561,74812.66,7.911518364512496,6.243375080282595,6.005138086062941,1.2826725687052394,28.267256870523948
Winter Sale,Instagram,25-34,Male,Chandigarh,51668,2732,15469.26,81,14581.48,5.287605481148874,5.662247437774524,2.964860907759883,0.9426100537452987,-5.73899462547013
Summer Sale,Instagram,45-54,Female,Delhi,38061,1728,8737.63,19,2357.59,4.540080397257035,5.0564988425925925,1.099537037037037,0.26982030596397427,-73.01796940360258
Flash Sale,Google,18-24,Male,Chandigarh,94252,2681,8805.11,81,15173.29,2.8445019734329247,3.2842633345766505,3.021260723610593,1.723236847694123,72.32368476941231
Winter Sale,Google,18-24,Male,Mumbai,54749,1983,15506.32,89,18933.93,3.6219839631774096,7.819626828038325,4.48814926878467,1.221045999308669,22.104599930866904
Festive Campaign,Facebook,45-54,Male,Hyderabad,145560,5036,26180.69,130,17756.75,3.4597416872767246,5.198707307386814,2.5814138204924544,0.6782384268711024,-32.176157312889764
Flash Sale,Google,35-44,Female,Hyderabad,119680,7962,29202.51,450,72199.75,6.65274064171123,3.667735493594574,5.651846269781462,2.472381654864599,147.2381654864599
Fashion Week,Google,45-54,Female,Chandigarh,66745,2588,12180.57,127,22313.54,3.8774440032961275,4.706557187017001,4.90726429675425,1.8318962084697188,83.18962084697186
Festive Campaign,Instagram,25-34,Female,Bangalore,123464,7122,35501.59,398,98996.27,5.768483120585758,4.984778152204436,5.588317888233642,2.788502430454524,178.85024304545237
Flash Sale,Google,35-44,Male,Bangalore,106865,4787,35736.04,252,65282.04,4.479483460440743,7.465226655525381,5.264257363693336,1.8267843890929156,82.67843890929157
Brand Awareness,Facebook,25-34,Female,Pune,127428,6277,43321.88,279,35234.24,4.925918950309194,6.901685518559821,4.444798470606978,0.8133128109860421,-18.668718901395785
Brand Awareness,Google,45-54,Male,Pune,38624,2909,20699.95,147,33301.54,7.53158657829329,7.115830182193194,5.0532829150910965,1.6087739342365561,60.87739342365561
New Product,Google,35-44,Male,Hyderabad,38321,1480,3797.96,15,2580.62,3.8621121578246917,2.5661891891891893,1.0135135135135136,0.6794752972648475,-32.05247027351526
College Offer,Instagram,25-34,Male,Pune,37574,1845,9219.32,60,10496.65,4.910310320966626,4.996921409214092,3.2520325203252036,1.1385492639370365,13.854926393703657
Brand Awareness,Instagram,45-54,Female,Delhi,133831,9037,48691.94,321,72416.67,6.7525461216011236,5.388064623215669,3.5520637379661393,1.487241420243268,48.7241420243268
Fashion Week,Instagram,45-54,Female,Pune,110257,6966,18217.16,482,119815.42,6.317966206227268,2.6151536032156186,6.919322423198391,6.577063603766998,557.7063603766998
Summer Sale,Facebook,35-44,Female,Delhi,79291,4532,18394.84,171,43285.23,5.715654992369878,4.058879082082965,3.773168578993822,2.353118048322247,135.3118048322247
Tech Fest,Google,45-54,Female,Pune,142600,7416,52369.86,286,57427.99,5.2005610098176716,7.061739482200648,3.856526429341963,1.0965847531385418,9.658475313854185
New Product,Google,18-24,Male,Hyderabad,65428,2662,8844.92,99,16829.7,4.068594485541358,3.3226596543951916,3.71900826446281,1.9027532187967784,90.27532187967783
Tech Fest,Instagram,25-34,Female,Hyderabad,146374,9088,51909.39,392,90260.69,6.208752920600653,5.711860695422535,4.313380281690141,1.7388123805731488,73.88123805731487
College Offer,Facebook,25-34,Male,Delhi,146127,7058,26758.37,391,60659.82,4.83004509775743,3.7912113913289884,5.539812978180788,2.2669475009127984,126.69475009127984
Flash Sale,Facebook,45-54,Female,Chandigarh,126317,5664,14571.91,145,28850.7,4.483957028745142,2.5727242231638416,2.5600282485875705,1.9798845861661238,97.98845861661238
Diwali Offer,Instagram,45-54,Female,Hyderabad,142449,8701,34344.66,386,65697.58,6.1081509873709185,3.947208366854385,4.436271692908861,1.9128906793661662,91.28906793661662
Brand Awareness,Instagram,18-24,Female,Chandigarh,43699,2962,24748.23,109,23100.19,6.778187143870569,8.355243079000674,3.6799459824442944,0.9334077628985992,-6.659223710140082
Summer Sale,Instagram,35-44,Male,Bangalore,88686,6122,44747.06,187,28733.64,6.9030061114493835,7.309222476314929,3.0545573342045085,0.6421347011401419,-35.7865298859858
College Offer,Google,45-54,Male,Delhi,82661,5090,42030.47,178,26134.5,6.157680163559599,8.257459724950884,3.4970530451866404,0.6217988997030012,-37.82011002969988
Tech Fest,Instagram,45-54,Male,Hyderabad,59247,3719,20183.48,158,39271.45,6.277111077354128,5.4271255713901585,4.2484538854530784,1.9457224423142094,94.57224423142094
New Product,Facebook,45-54,Male,Mumbai,120113,3963,12516.81,85,11411.46,3.2993930715243147,3.1584178652535955,2.1448397678526367,0.9116907582682808,-8.830924173171923
Brand Awareness,Facebook,45-54,Male,Bangalore,19621,721,4172.97,14,2671.68,3.674634320371031,5.787753120665743,1.9417475728155338,0.640234653016916,-35.976534698308406
Fashion Week,Instagram,25-34,Female,Chandigarh,33030,2294,11989.05,68,10262.52,6.945201332122313,5.226264167393199,2.964254577157803,0.8559910918713327,-14.400890812866733
Brand Awareness,Google,45-54,Male,Hyderabad,97838,3443,26050.23,92,11541.42,3.519082565056522,7.5661428986349115,2.67208829509149,0.4430448406789499,-55.69551593210501
New Product,Google,25-34,Male,Delhi,99717,4928,15220.11,86,10753.67,4.941985819870233,3.0884963474025975,1.74512987012987,0.706543513811661,-29.345648618833902
New Product,Instagram,45-54,Male,Pune,53638,2696,14637.79,122,17632.79,5.0262873336067715,5.429447329376855,4.525222551928784,1.2046073895034701,20.460738950347015
Diwali Offer,Facebook,35-44,Male,Mumbai,82067,2900,9860.85,83,20031.87,3.5336980759623238,3.400293103448276,2.8620689655172415,2.0314546920397327,103.14546920397328
Brand Awareness,Instagram,18-24,Female,Chandigarh,133033,9357,41620.46,277,44194.53,7.0335931686123,4.448056000854975,2.960350539702896,1.061846265034072,6.184626503407218
Brand Awareness,Instagram,35-44,Male,Bangalore,120977,6931,47991.23,251,63519.14,5.729188192796978,6.924142259414227,3.6214110517962776,1.3235572416043513,32.35572416043514
Diwali Offer,Instagram,45-54,Female,Delhi,103869,5770,30904.75,173,34846.89,5.555074179976701,5.356109185441941,2.998266897746967,1.1275577378881887,12.75577378881887
Festive Campaign,Facebook,45-54,Female,Mumbai,120186,2245,10675.72,50,9056.3,1.8679380293877823,4.755331848552339,2.2271714922048997,0.8483081234801961,-15.169187651980383
Festive Campaign,Facebook,45-54,Female,Delhi,49674,2183,10624.35,106,21328.52,4.394653138462777,4.8668575355016035,4.855703160787907,2.0075129302027888,100.75129302027888
Flash Sale,Instagram,35-44,Male,Hyderabad,61271,3844,20206.68,78,15002.35,6.273767361394461,5.256680541103018,2.0291363163371487,0.7424450726195496,-25.755492738045042
Festive Campaign,Instagram,45-54,Female,Pune,88688,7180,51768.51,390,88229.18,8.095796500090204,7.210098885793872,5.43175487465181,1.7043020940722458,70.43020940722457
Winter Sale,Google,35-44,Male,Bangalore,126076,5207,40888.01,152,24251.52,4.13004854214918,7.852508162089495,2.9191473017092373,0.5931205749558367,-40.687942504416334
Brand Awareness,Instagram,25-34,Male,Delhi,16062,925,7614.61,44,7454.79,5.7589341302453,8.232010810810811,4.756756756756757,0.9790114004525511,-2.098859954744888
Summer Sale,Instagram,18-24,Male,Chandigarh,65448,3795,27405.29,163,39963.23,5.798496516318298,7.221420289855073,4.295125164690382,1.45823050951112,45.823050951112
Brand Awareness,Facebook,18-24,Male,Hyderabad,110462,5957,26165.77,173,43683.18,5.392804765439699,4.392440825919087,2.904146382407252,1.669478100587141,66.94781005871411
Winter Sale,Google,35-44,Male,Hyderabad,62915,2759,18288.88,79,19351.69,4.385281729317333,6.628807538963393,2.86335628851033,1.0581123611724719,5.811236117247189
Winter Sale,Instagram,25-34,Female,Bangalore,19632,1145,5868.83,35,6255.3,5.832314588427058,5.125615720524017,3.056768558951965,1.0658512855202826,6.585128552028261
Tech Fest,Facebook,35-44,Female,Hyderabad,119592,5058,20373.74,225,51581.51,4.229379891631548,4.028022933965995,4.448398576512456,2.5317644183149484,153.17644183149483
Brand Awareness,Google,25-34,Male,Chandigarh,149668,7070,53344.77,245,45738.32,4.723788652216906,7.545229137199434,3.4653465346534658,0.8574096392204897,-14.259036077951029
College Offer,Instagram,45-54,Female,Delhi,124779,6194,16913.08,363,68844.98,4.963976310116286,2.7305586051017117,5.860510171133355,4.070517019963247,307.05170199632465
Winter Sale,Facebook,25-34,Male,Bangalore,123099,4595,36349.08,130,19325.18,3.732767934751704,7.910572361262242,2.8291621327529923,0.5316552716052235,-46.83447283947764
Summer Sale,Instagram,25-34,Female,Hyderabad,22561,1531,8066.63,57,11557.22,6.7860467177873325,5.268863487916395,3.7230568256041803,1.43271973550293,43.271973550292984
Diwali Offer,Facebook,25-34,Female,Hyderabad,97152,2203,13930.03,22,3213.3,2.26758069828722,6.323209260099864,0.9986382206082615,0.2306743057983364,-76.93256942016635
Flash Sale,Facebook,18-24,Female,Chandigarh,140036,5124,33081.18,51,8487.37,3.6590590990888057,6.45612412177986,0.9953161592505856,0.25656188805840663,-74.34381119415933
Tech Fest,Facebook,25-34,Female,Pune,139049,3698,29105.87,36,8629.35,2.6594941351609864,7.870705786911844,0.9734991887506761,0.2964814314088533,-70.35185685911468
Diwali Offer,Instagram,45-54,Female,Pune,41734,2893,18283.81,144,21454.65,6.9319978914074865,6.3200172830971315,4.977531973729692,1.1734233729184453,17.342337291844533
Tech Fest,Google,45-54,Male,Hyderabad,41069,1097,6783.41,32,4158.79,2.6711144658988535,6.183600729261623,2.917046490428441,0.6130825057014098,-38.69174942985902
Summer Sale,Instagram,45-54,Male,Delhi,27910,1347,3906.18,21,2722.88,4.826227158724471,2.8999109131403116,1.55902004454343,0.6970697714903051,-30.293022850969482
New Product,Instagram,25-34,Female,Bangalore,88479,5266,29544.62,273,68716.78,5.951694752427129,5.610448157994683,5.184200531712875,2.3258644044161003,132.58644044161002
Brand Awareness,Instagram,35-44,Male,Hyderabad,96264,7102,24154.0,307,58627.44,7.377628189146514,3.401013798929879,4.322725992678119,2.4272352405398694,142.72352405398692
Fashion Week,Facebook,35-44,Female,Mumbai,38275,1309,9064.3,38,6738.07,3.4199869366427174,6.924598930481283,2.9029793735676086,0.7433635250377856,-25.663647496221436
College Offer,Facebook,45-54,Male,Bangalore,87274,2473,13782.85,107,24986.96,2.83360450993423,5.573331985442782,4.326728669632026,1.8129022662221528,81.29022662221527
Diwali Offer,Instagram,18-24,Female,Pune,115776,8981,59107.25,556,131780.69,7.757220840243228,6.581366217570427,6.1908473443937195,2.2295182063114085,122.95182063114085
Brand Awareness,Facebook,35-44,Female,Hyderabad,63447,1118,3074.54,16,2664.11,1.7621006509370027,2.750035778175313,1.4311270125223614,0.8665068595627314,-13.349314043726862
College Offer,Instagram,25-34,Female,Chandigarh,141394,4045,12170.4,54,11723.75,2.8608003168451277,3.0087515451174287,1.334981458590853,0.9633003023729705,-3.669969762702949
New Product,Facebook,35-44,Male,Mumbai,90703,3653,24832.88,36,8206.46,4.0274301842276445,6.797941418012592,0.9854913769504517,0.33046750920553714,-66.95324907944628
Fashion Week,Instagram,45-54,Male,Hyderabad,91090,4461,13081.91,119,25186.48,4.897354265012624,2.932506164537099,2.667563326608384,1.9252907258955305,92.52907258955305
College Offer,Facebook,18-24,Female,Delhi,32260,733,2145.89,13,1835.9,2.272163670179789,2.927544338335607,1.7735334242837655,0.8555424555778722,-14.44575444221278
College Offer,Instagram,35-44,Female,Mumbai,127581,8101,20841.04,255,61869.03,6.349691568493741,2.5726502900876436,3.1477595358597705,2.9686152898319853,196.8615289831985
Diwali Offer,Google,35-44,Male,Hyderabad,18812,901,7423.35,29,5668.72,4.789496066340634,8.239012208657048,3.218645948945616,0.7636336694349586,-23.636633056504138
Festive Campaign,Instagram,45-54,Male,Delhi,131148,6325,43800.94,227,36216.97,4.822795620215329,6.925049802371542,3.5889328063241104,0.826853715924818,-17.314628407518196
Fashion Week,Instagram,18-24,Male,Mumbai,131421,5209,24063.02,143,25673.07,3.9635979029226687,4.619508542906508,2.7452486081781533,1.0669097228859885,6.690972288598851
Brand Awareness,Instagram,18-24,Male,Delhi,16605,1087,4651.51,39,4885.14,6.546221017765733,4.279218031278749,3.5878564857405704,1.050226700576802,5.022670057680196
New Product,Google,45-54,Male,Delhi,87303,4609,21193.19,182,25098.05,5.279314571091486,4.598218702538511,3.948795834237362,1.1842506956243963,18.425069562439635
Fashion Week,Google,25-34,Female,Mumbai,91125,3992,28534.5,151,34303.66,4.38079561042524,7.147920841683367,3.7825651302605214,1.2021819201317705,20.218192013177045
Summer Sale,Instagram,35-44,Male,Mumbai,139040,10728,69391.1,406,48720.66,7.715765247410817,6.4682233407904555,3.784489187173751,0.7021168420734071,-29.788315792659294
Festive Campaign,Facebook,25-34,Female,Delhi,19324,428,1545.58,16,2853.11,2.2148623473400955,3.6111682242990653,3.7383177570093453,1.8459801498466597,84.59801498466597
Summer Sale,Google,35-44,Female,Pune,91323,2437,8638.33,53,10237.03,2.668550091433702,3.544657365613459,2.1748050882232253,1.1850704939496408,18.50704939496408
New Product,Facebook,35-44,Male,Mumbai,24111,643,1987.11,15,1914.73,2.6668325660486913,3.090373250388802,2.332814930015552,0.9635752424375098,-3.6424757562490195
Diwali Offer,Facebook,25-34,Male,Hyderabad,31389,1081,6985.22,38,9736.78,3.4438816145783555,6.461813135985199,3.515263644773358,1.3939117164527388,39.39117164527388
Diwali Offer,Instagram,45-54,Female,Bangalore,137177,7945,56300.14,342,51866.88,5.791787252965147,7.086235368156073,4.304594084329767,0.9212566789354343,-7.874332106456578
New Product,Instagram,45-54,Male,Chandigarh,56427,2940,12025.42,142,23087.47,5.210271678451805,4.090278911564626,4.829931972789116,1.9198888687463724,91.98888687463723
Tech Fest,Google,35-44,Female,Delhi,137883,6787,17820.42,264,42913.72,4.922289187209445,2.6256696625902456,3.889789303079417,2.408120571793482,140.81205717934822
New Product,Google,45-54,Male,Delhi,146189,4382,13115.46,77,11723.89,2.9974895511974227,2.9930305796439978,1.7571884984025559,0.8938984984133229,-10.610150158667707
Festive Campaign,Facebook,35-44,Male,Chandigarh,140808,7367,61198.85,306,36783.14,5.231947048463156,8.307160309488259,4.1536582055110625,0.6010429934549424,-39.89570065450576
Winter Sale,Instagram,45-54,Male,Pune,127221,6871,29357.51,168,37314.19,5.400837911979941,4.272669189346528,2.4450589433852423,1.2710270728001116,27.102707280011163
Diwali Offer,Instagram,35-44,Female,Chandigarh,28234,1931,13739.72,91,23237.61,6.839271799957499,7.1153392024857585,4.712584153288452,1.6912724567895125,69.12724567895125
Flash Sale,Facebook,45-54,Male,Mumbai,68441,2676,16719.6,79,11960.69,3.909937026051636,6.2479820627802685,2.9521674140508223,0.7153693868274361,-28.463061317256383
Festive Campaign,Google,18-24,Female,Chandigarh,15846,799,3828.52,26,5533.49,5.042281963902562,4.791639549436796,3.254067584480601,1.4453339671726932,44.53339671726933
Festive Campaign,Google,25-34,Male,Delhi,25954,1345,5022.4,47,10521.68,5.182245511289204,3.734126394052044,3.494423791821561,2.0949506212169484,109.49506212169482
Festive Campaign,Google,18-24,Female,Chandigarh,94239,4747,15324.83,64,15281.89,5.037192669701503,3.2283189382768063,1.3482199283758163,0.9971980113319364,-0.28019886680635614
College Offer,Facebook,25-34,Male,Bangalore,61514,2627,16261.33,66,11825.09,4.2705725525896545,6.190076132470499,2.5123715264560333,0.7271908263346233,-27.280917366537665
Festive Campaign,Instagram,25-34,Female,Hyderabad,103236,7324,52350.51,356,57818.08,7.094424425587974,7.147803113052976,4.860731840524304,1.104441580416313,10.444158041631303
Diwali Offer,Instagram,35-44,Female,Mumbai,112579,6457,41088.64,270,44696.16,5.735527940379645,6.363425739507512,4.181508440452222,1.0877984766592421,8.779847665924217
Winter Sale,Google,25-34,Female,Chandigarh,57101,3055,17357.94,78,17141.82,5.350168998791615,5.681813420621931,2.553191489361702,0.9875492137891939,-1.2450786210806064
Winter Sale,Facebook,18-24,Female,Delhi,79323,2690,7402.09,113,26481.45,3.3911980131865915,2.751706319702602,4.200743494423792,3.577563904248665,257.7563904248665
Festive Campaign,Instagram,18-24,Female,Hyderabad,106922,7728,64226.89,292,42464.38,7.227698696245861,8.310932971014493,3.7784679089026914,0.6611620148507891,-33.8837985149211
Summer Sale,Instagram,45-54,Female,Mumbai,142534,6682,48727.05,306,52611.11,4.688004265648898,7.292285243938941,4.579467225381622,1.0797105509157643,7.97105509157644
Diwali Offer,Facebook,18-24,Male,Delhi,82584,4675,19901.16,209,51470.77,5.660902838322193,4.256932620320856,4.470588235294118,2.5863200939040736,158.63200939040738
Diwali Offer,Instagram,45-54,Female,Pune,119537,6516,54602.92,200,46587.42,5.451031898073399,8.379821976672805,3.0693677102516883,0.8532038213340971,-14.679617866590286
Fashion Week,Instagram,25-34,Female,Bangalore,93477,3536,21609.52,178,45902.67,3.7827486975405713,6.111289592760181,5.03393665158371,2.124187395185085,112.41873951850849
Brand Awareness,Facebook,18-24,Female,Pune,57533,2102,12600.51,29,6542.25,3.6535553508421255,5.9945337773549,1.379638439581351,0.5192051750286298,-48.07948249713702
Tech Fest,Facebook,25-34,Male,Bangalore,16828,451,3151.79,15,2625.71,2.6800570477775136,6.988447893569845,3.325942350332594,0.8330853261162705,-16.691467388372956
Tech Fest,Facebook,18-24,Male,Chandigarh,16917,762,5616.41,34,6891.44,4.504344741975527,7.370616797900262,4.4619422572178475,1.2270186827528617,22.701868275286166
Summer Sale,Instagram,18-24,Male,Mumbai,35618,1680,10817.3,44,9351.85,4.716716267055983,6.438869047619047,2.619047619047619,0.8645271925526703,-13.547280744732964
Tech Fest,Facebook,45-54,Female,Chandigarh,47254,1400,4576.0,58,7597.06,2.9627121513522665,3.2685714285714287,4.142857142857142,1.6601966783216784,66.01966783216784
Fashion Week,Instagram,25-34,Male,Bangalore,120292,3888,17611.1,90,17660.66,3.2321351378312775,4.5296039094650205,2.314814814814815,1.0028141342675927,0.2814134267592672
New Product,Instagram,18-24,Male,Bangalore,62362,3091,24939.74,121,26535.89,4.956544049260768,8.068502102879327,3.9145907473309607,1.064000266241749,6.400026624174902
Tech Fest,Facebook,35-44,Female,Bangalore,35128,351,1350.54,6,860.55,0.9992029150535187,3.8476923076923075,1.7094017094017095,0.6371895686169976,-36.28104313830024
Diwali Offer,Facebook,25-34,Female,Hyderabad,138781,2219,10502.53,34,7795.81,1.5989220426427249,4.733001351960342,1.5322217214961695,0.7422792412875755,-25.772075871242457
New Product,Google,25-34,Male,Delhi,80545,4359,22198.04,209,42161.19,5.411881556893662,5.092461573755449,4.794677678366598,1.8993203904488865,89.93203904488864
Tech Fest,Facebook,25-34,Female,Mumbai,97180,4317,22173.97,183,46355.92,4.44227207244289,5.136430391475562,4.2390548992355805,2.090555728180384,109.05557281803844
Diwali Offer,Facebook,45-54,Female,Chandigarh,102958,4129,25507.47,41,5163.5,4.010373161871831,6.17763865342698,0.9929765076289658,0.20243089573368114,-79.75691042663189
Diwali Offer,Instagram,35-44,Female,Chandigarh,148291,6435,52499.66,309,48558.01,4.339440694310511,8.158455322455323,4.801864801864801,0.9249204661515903,-7.50795338484097
Festive Campaign,Instagram,25-34,Female,Pune,54809,2983,11765.42,55,11231.96,5.44253680964805,3.9441568890378815,1.8437814280925242,0.9546586522198102,-4.534134778018982
Winter Sale,Instagram,18-24,Male,Bangalore,131748,7240,23378.02,370,59761.8,5.495339587697726,3.229008287292818,5.110497237569061,2.5563242738264407,155.632427382644
Summer Sale,Instagram,18-24,Female,Bangalore,20287,833,3069.46,37,8140.72,4.106077783802435,3.684825930372149,4.441776710684274,2.652166830647736,165.2166830647736
Fashion Week,Google,45-54,Male,Bangalore,23512,1482,11591.54,44,9955.47,6.303164341612794,7.8215519568151155,2.968960863697706,0.8588565453770594,-14.114345462294065
College Offer,Instagram,18-24,Male,Chandigarh,147414,9659,61574.82,382,51322.55,6.552294897363886,6.37486489284605,3.954860751630604,0.8334989854619145,-16.65010145380855
Brand Awareness,Google,25-34,Male,Pune,123872,5245,22109.99,97,18618.14,4.234209506587445,4.215441372735939,1.8493803622497615,0.8420691280276471,-15.793087197235286
Tech Fest,Facebook,18-24,Male,Delhi,108070,3817,28229.32,96,18359.49,3.5319700194318493,7.39568247314645,2.515064186533927,0.6503695448561992,-34.96304551438008
Tech Fest,Google,25-34,Female,Hyderabad,94767,4501,34514.66,139,23866.2,4.749543617503983,7.668220395467674,3.0882026216396357,0.6914800841149819,-30.85199158850182
New Product,Facebook,18-24,Female,Mumbai,112829,1184,8973.64,27,6766.46,1.0493756037898059,7.579087837837838,2.2804054054054053,0.7540373805947197,-24.59626194052803
New Product,Facebook,35-44,Female,Delhi,57078,1828,14648.79,76,17924.67,3.2026349907144613,8.013561269146608,4.157549234135667,1.2236280266151673,22.362802661516735
Brand Awareness,Facebook,45-54,Male,Chandigarh,121288,3252,13051.73,130,28289.21,2.681221555306378,4.013447109471095,3.997539975399754,2.1674682206879856,116.74682206879854
Tech Fest,Instagram,45-54,Male,Hyderabad,98524,4234,29766.09,107,23540.61,4.297430067800739,7.030252716107699,2.527161076995749,0.7908532830479247,-20.91467169520753
Flash Sale,Facebook,35-44,Male,Hyderabad,27219,860,4526.38,20,3692.81,3.15955766192733,5.263232558139535,2.3255813953488373,0.8158417985233233,-18.415820147667674
Fashion Week,Instagram,35-44,Female,Hyderabad,15235,1166,8805.62,35,8712.87,7.653429602888087,7.551989708404803,3.0017152658662094,0.9894669540588851,-1.0533045941114878
Tech Fest,Instagram,45-54,Male,Bangalore,57929,3631,24948.4,120,26069.2,6.268017745861313,6.87094464334894,3.3048746901679977,1.0449247246316398,4.492472463163967
Winter Sale,Facebook,35-44,Female,Mumbai,142309,4005,28670.53,142,31532.14,2.8142984632033112,7.158684144818976,3.545568039950062,1.099810153492105,9.981015349210498
Brand Awareness,Instagram,25-34,Female,Chandigarh,82444,5100,32828.55,315,75800.57,6.1860171752947455,6.436970588235295,6.176470588235294,2.308983186890679,130.8983186890679
Flash Sale,Google,18-24,Female,Chandigarh,116834,7219,25732.65,199,31515.63,6.178852046493315,3.5645726554924506,2.7566144895414877,1.2247331697279527,22.47331697279526
Fashion Week,Google,45-54,Female,Hyderabad,99555,5584,32220.58,180,41938.19,5.608959871427854,5.770161174785101,3.2234957020057307,1.3015963710150469,30.15963710150469
Tech Fest,Google,35-44,Male,Chandigarh,88698,4054,34086.11,135,19890.05,4.570565288958037,8.408019240256538,3.3300444005920085,0.5835236112304982,-41.647638876950175
College Offer,Instagram,25-34,Female,Mumbai,139450,6587,53514.95,249,41918.62,4.723556830405163,8.124328222255958,3.780173068164567,0.7833067208322161,-21.669327916778386
Festive Campaign,Instagram,45-54,Male,Mumbai,58925,3734,10302.26,125,20873.18,6.336868901145524,2.7590412426352438,3.347616497054098,2.026077773226457,102.6077773226457
Winter Sale,Google,35-44,Female,Pune,102388,5090,17758.44,208,53454.66,4.9712856975426805,3.4888880157170923,4.086444007858546,3.0100988600350034,201.00988600350033
College Offer,Facebook,45-54,Male,Pune,23007,1052,3461.47,29,6957.54,4.572521406528448,3.29037072243346,2.7566539923954374,2.009995753249342,100.99957532493423
New Product,Google,35-44,Male,Delhi,73596,3872,26545.97,144,31415.58,5.26115549758139,6.855880681818182,3.71900826446281,1.1834406503133998,18.344065031339976
New Product,Google,45-54,Female,Mumbai,136101,7838,58053.81,366,81174.39,5.758958420584713,7.406712171472314,4.669558560857361,1.3982611993941483,39.82611993941483
Tech Fest,Google,25-34,Female,Mumbai,103861,4006,15146.96,119,23644.13,3.8570782103003056,3.781068397403894,2.9705441837244133,1.5609818735904764,56.098187359047635
New Product,Instagram,25-34,Female,Mumbai,101740,7204,39874.98,304,76788.18,7.080794181246314,5.53511660188784,4.21987784564131,1.92572334832519,92.572334832519
Winter Sale,Instagram,18-24,Male,Pune,30524,1751,13209.93,67,12694.91,5.73646966321583,7.544220445459738,3.826384922901199,0.9610126624440856,-3.898733755591441
Fashion Week,Google,45-54,Female,Hyderabad,146149,10216,70457.8,468,81091.52,6.990126514721277,6.896808927173062,4.581049334377447,1.1509232476744946,15.092324767449453
Diwali Offer,Instagram,18-24,Female,Hyderabad,140501,6565,37771.22,195,27850.86,4.672564608081081,5.7534226961157655,2.9702970297029703,0.7373566434973506,-26.264335650264936
Summer Sale,Instagram,45-54,Male,Chandigarh,35611,2700,16313.63,127,29218.74,7.581926932689338,6.042085185185185,4.703703703703703,1.7910630558618776,79.10630558618776
Brand Awareness,Facebook,35-44,Female,Hyderabad,29060,1086,6027.48,52,11586.75,3.737095664143152,5.550165745856353,4.788213627992634,1.922320770869418,92.23207708694183
Fashion Week,Google,35-44,Male,Bangalore,58303,2167,9286.22,77,13383.35,3.7167898735914107,4.28528841716659,3.5532994923857872,1.4412053558929254,44.12053558929254
Diwali Offer,Facebook,18-24,Female,Pune,54711,1597,9406.54,33,4076.39,2.91897424649522,5.890131496556043,2.0663744520976834,0.4333570048072936,-56.66429951927064
Flash Sale,Facebook,45-54,Male,Mumbai,88340,2752,18254.87,93,22083.75,3.115236585918044,6.633310319767442,3.379360465116279,1.2097456733463454,20.974567334634546
Winter Sale,Instagram,18-24,Male,Hyderabad,117974,7089,54868.42,266,32345.21,6.008951124824114,7.739937932007335,3.7522922838200032,0.5895050376883461,-41.04949623116539
College Offer,Facebook,25-34,Female,Pune,82728,3414,21568.79,154,33651.77,4.126776907455758,6.3177475102519045,4.510837727006444,1.5602066689879217,56.02066689879217
Diwali Offer,Google,18-24,Male,Hyderabad,26246,1000,7066.73,33,8442.59,3.8101043968604738,7.06673,3.3000000000000003,1.1946954248994939,19.469542489949394
Winter Sale,Instagram,18-24,Female,Delhi,142796,7812,27032.88,291,52750.32,5.470741477352306,3.4604301075268817,3.7250384024577574,1.951339257970294,95.13392579702938
Festive Campaign,Facebook,35-44,Female,Mumbai,107263,6511,34308.7,307,46939.16,6.070126697929388,5.269344186760866,4.715097527261557,1.3681416083967042,36.81416083967042
College Offer,Google,18-24,Male,Delhi,26302,1728,4416.75,44,9622.01,6.5698425975211014,2.5559895833333335,2.5462962962962963,2.1785271976000455,117.85271976000453
New Product,Facebook,45-54,Female,Mumbai,82506,3319,13209.86,56,13126.28,4.022737740285555,3.9800723109370293,1.687255197348599,0.9936729079642025,-0.6327092035797497
New Product,Facebook,35-44,Male,Pune,56157,1991,13655.81,27,5305.51,3.545417312178357,6.858769462581617,1.356102461074837,0.3885166826427726,-61.148331735722735
College Offer,Facebook,18-24,Male,Chandigarh,69917,2547,21524.34,77,19664.64,3.6428908563010425,8.450859835100118,3.023164507263447,0.9136001382620791,-8.639986173792092
Flash Sale,Instagram,25-34,Male,Hyderabad,111646,6962,21547.87,442,56237.26,6.235780950504273,3.095068945705257,6.3487503590922145,2.609875593272096,160.9875593272096
Flash Sale,Instagram,18-24,Male,Hyderabad,98122,4192,20578.39,246,46905.16,4.272232526854324,4.908967080152672,5.868320610687023,2.2793406092507724,127.93406092507725
Flash Sale,Google,18-24,Male,Bangalore,39519,1656,12089.51,64,14117.35,4.190389432930995,7.300428743961353,3.864734299516908,1.1677354996190912,16.773549961909126
Diwali Offer,Google,18-24,Male,Delhi,95910,2395,8919.49,67,16131.57,2.497132728599729,3.7242129436325677,2.7974947807933193,1.8085753781886633,80.85753781886633
Brand Awareness,Google,35-44,Male,Hyderabad,135430,6743,39315.13,96,13929.2,4.978955918186517,5.8305101586830785,1.423698650452321,0.35429617045651385,-64.57038295434862
Diwali Offer,Google,45-54,Male,Pune,86324,4555,31422.34,141,32712.07,5.276632222788564,6.898428100987926,3.0954994511525795,1.0410450017407997,4.104500174079968
Tech Fest,Facebook,25-34,Female,Chandigarh,20408,595,3686.57,8,1579.03,2.9155233241865934,6.195915966386555,1.3445378151260505,0.4283195490659339,-57.168045093406604
Summer Sale,Facebook,18-24,Female,Pune,74379,4008,14541.62,122,21413.14,5.388617755011495,3.6281487025948107,3.0439121756487024,1.4725415737723857,47.25415737723856
College Offer,Google,45-54,Male,Delhi,40053,1213,5618.99,28,3876.32,3.0284872543879358,4.632308326463314,2.3083264633140974,0.6898606333166637,-31.013936668333624
Fashion Week,Facebook,45-54,Female,Bangalore,146994,2561,18446.24,31,7475.38,1.7422479829108672,7.202748926200703,1.210464662241312,0.40525223568597174,-59.47477643140282
Summer Sale,Facebook,35-44,Female,Hyderabad,113723,4286,24967.49,42,5964.77,3.7688066618010425,5.825359309379375,0.979934671021932,0.23890146746829577,-76.10985325317043
Festive Campaign,Google,25-34,Female,Pune,66356,3819,9667.33,187,30550.25,5.755319790222437,2.531377323906782,4.896569782665619,3.160153837719412,216.01538377194115
Diwali Offer,Google,35-44,Female,Mumbai,25789,1681,11877.85,52,8351.53,6.518282988871224,7.0659428911362285,3.093396787626413,0.7031179885248593,-29.688201147514064
Diwali Offer,Instagram,45-54,Female,Chandigarh,112720,5578,15126.8,215,52029.56,4.948545067423705,2.711868053065615,3.8544281104338474,3.4395615728376128,243.95615728376123
Winter Sale,Instagram,45-54,Female,Pune,81656,5548,38693.99,392,83957.94,6.794356813951211,6.974403388608507,7.065609228550828,2.1697927766043255,116.97927766043254
Summer Sale,Instagram,45-54,Male,Chandigarh,59028,3219,11958.21,88,20375.11,5.453344175645456,3.714883504193849,2.7337682510096304,1.7038595241261028,70.38595241261027
Winter Sale,Facebook,35-44,Female,Hyderabad,79484,2617,21586.17,26,4031.7,3.2924865381712043,8.248440962934657,0.9935040122277417,0.18677236397193203,-81.32276360280679
Fashion Week,Instagram,25-34,Female,Mumbai,47154,3093,14560.74,127,26350.26,6.559358697035246,4.707643064985451,4.106045910119625,1.8096786289707802,80.96786289707802
Winter Sale,Facebook,18-24,Female,Bangalore,17336,742,3310.5,33,6601.47,4.280110752191971,4.461590296495957,4.44743935309973,1.994100589034889,99.4100589034889
Summer Sale,Facebook,35-44,Female,Bangalore,118677,1908,6474.47,77,18217.91,1.6077251699992416,3.3933280922431868,4.035639412997904,2.813807153326836,181.3807153326836
College Offer,Instagram,45-54,Male,Mumbai,82779,6019,26084.09,203,50110.99,7.271167808260549,4.333625186908124,3.372653264661904,1.9211323837634358,92.11323837634357
Festive Campaign,Facebook,35-44,Male,Chandigarh,34029,1754,13610.87,75,9127.65,5.154427106291692,7.7599030786773096,4.275940706955531,0.6706147366039055,-32.93852633960945
Diwali Offer,Instagram,45-54,Male,Hyderabad,74201,3524,29876.49,102,21865.0,4.749262139324268,8.47800510783201,2.894438138479001,0.7318463447346056,-26.81536552653943
Fashion Week,Instagram,18-24,Male,Pune,47265,2824,13300.64,113,14380.04,5.974822807574315,4.70985835694051,4.001416430594901,1.0811539895824562,8.11539895824563
Diwali Offer,Google,18-24,Female,Mumbai,117916,6005,31175.94,409,80507.65,5.09260829743207,5.191663613655287,6.810990840965863,2.5823647979820334,158.23647979820333
Tech Fest,Instagram,25-34,Male,Delhi,61197,3557,24302.94,79,12661.22,5.812376423680899,6.832426201855496,2.220972729828507,0.5209748285598368,-47.90251714401632
Festive Campaign,Instagram,45-54,Male,Chandigarh,140733,6810,53234.96,259,42203.72,4.838950352795719,7.817174743024963,3.803230543318649,0.7927820364662621,-20.721796353373794
Brand Awareness,Facebook,25-34,Male,Bangalore,86907,2341,14182.4,67,11350.75,2.6936840530682225,6.058265698419478,2.8620247757368644,0.8003405629512635,-19.965943704873645
Winter Sale,Google,25-34,Male,Mumbai,143876,6430,31180.06,296,61266.36,4.469126191998665,4.849153965785381,4.603421461897357,1.9649211707738856,96.49211707738856
New Product,Instagram,18-24,Female,Bangalore,79435,5486,27296.86,261,43526.19,6.906275571221753,4.975730951512942,4.757564710171345,1.5945493364438255,59.45493364438255
Summer Sale,Facebook,35-44,Male,Chandigarh,55631,2309,15409.59,80,17806.23,4.150563534719851,6.673707232568211,3.46470333477696,1.1555291218001258,15.552912180012573
Diwali Offer,Instagram,35-44,Female,Bangalore,144038,7281,18343.09,230,40625.78,5.054916063816493,2.5193091608295566,3.158906743579179,2.2147729744552307,121.47729744552306
Winter Sale,Instagram,25-34,Male,Mumbai,35103,2255,14020.54,106,13734.36,6.423952368743412,6.217534368070954,4.700665188470066,0.9795885179886081,-2.0411482011391877
Fashion Week,Facebook,18-24,Female,Chandigarh,79772,797,3692.47,7,1608.08,0.9990974276688562,4.632961104140526,0.8782936010037641,0.4355025227016062,-56.44974772983937
Diwali Offer,Facebook,45-54,Female,Delhi,141108,6883,50006.26,294,47041.81,4.877824078011169,7.265183786139765,4.271393287810548,0.9407184220535588,-5.928157794644119
Brand Awareness,Facebook,35-44,Male,Mumbai,29382,414,1265.99,4,722.35,1.4090259342454563,3.0579468599033817,0.966183574879227,0.5705811262332247,-42.94188737667754
Festive Campaign,Facebook,25-34,Male,Pune,99291,3043,18346.9,90,19436.59,3.0647289281002306,6.029214590864279,2.9576076240552087,1.0593936850367092,5.939368503670912
Festive Campaign,Google,35-44,Male,Hyderabad,116195,3667,19749.87,93,15488.58,3.1559017169413486,5.385838560130897,2.5361330788110172,0.7842370608009066,-21.576293919909343
Diwali Offer,Facebook,35-44,Male,Mumbai,149828,2916,18528.13,95,12152.59,1.9462316789919105,6.353954046639232,3.2578875171467763,0.6558994350752072,-34.41005649247927
Fashion Week,Instagram,45-54,Female,Chandigarh,35609,2454,7089.9,112,19303.08,6.891516189727316,2.889119804400978,4.5639771801141,2.7226166800660097,172.26166800660098
Festive Campaign,Google,18-24,Female,Hyderabad,90683,3571,21354.23,35,8827.8,3.9378935412370564,5.979901988238589,0.9801176141136937,0.41339818855561633,-58.66018114443836
Festive Campaign,Instagram,45-54,Male,Mumbai,139714,8265,48506.52,464,97367.07,5.915656269235725,5.868907441016334,5.614035087719298,2.0072986064553797,100.729860645538
Brand Awareness,Facebook,18-24,Male,Delhi,145330,5004,29343.26,82,17548.58,3.4431982384917084,5.863960831334932,1.638689048760991,0.5980446617042552,-40.19553382957448
Summer Sale,Instagram,35-44,Female,Delhi,86315,5241,32079.77,178,37116.47,6.07194577999189,6.12092539591681,3.396298416332761,1.157005489752576,15.700548975257616
Fashion Week,Instagram,25-34,Male,Pune,92834,5191,34046.77,166,24544.58,5.59170131632807,6.558807551531496,3.1978424195723365,0.7209077395594355,-27.909226044056446
Fashion Week,Google,45-54,Female,Bangalore,141205,4180,30639.12,172,30713.48,2.9602351191530043,7.329933014354067,4.114832535885168,1.0024269626542799,0.24269626542799072
College Offer,Google,18-24,Male,Hyderabad,29153,1660,6837.41,23,5178.03,5.694096662436113,4.1189216867469876,1.3855421686746987,0.7573086885238709,-24.269131147612914
College Offer,Facebook,35-44,Female,Chandigarh,91325,2655,19780.54,164,22007.52,2.9071995620038327,7.4502975517890775,6.177024482109228,1.1125843884949551,11.258438849495512
Festive Campaign,Facebook,18-24,Female,Chandigarh,70318,1147,6296.5,34,5402.58,1.6311612958275263,5.489537925021796,2.964254577157803,0.8580290637655841,-14.197093623441596
New Product,Instagram,18-24,Female,Bangalore,146886,7324,21696.25,282,44749.08,4.986179758452133,2.962349808847624,3.8503549972692515,2.062526012559774,106.25260125597742
College Offer,Instagram,18-24,Female,Delhi,130033,9493,27067.44,455,82119.61,7.3004545000115355,2.8513051722321707,4.793005372379648,3.0338890563717884,203.38890563717885
Festive Campaign,Instagram,35-44,Female,Delhi,91077,5938,26753.24,283,72802.21,6.519758006961143,4.505429437521051,4.765914449309531,2.721248342256863,172.1248342256863
Flash Sale,Facebook,25-34,Male,Mumbai,105474,3250,23430.49,103,13333.39,3.0813280998160684,7.209381538461539,3.1692307692307695,0.5690615091703161,-43.0938490829684
Tech Fest,Facebook,25-34,Female,Pune,148515,4575,30863.34,151,29085.34,3.0804969195030805,6.746085245901639,3.300546448087432,0.942391199397084,-5.760880060291595
Tech Fest,Facebook,25-34,Male,Hyderabad,88319,2750,19887.15,88,12769.77,3.113712791132146,7.23169090909091,3.2,0.6421116147864324,-35.78883852135676
Fashion Week,Instagram,18-24,Female,Pune,140885,11259,63091.09,602,154048.62,7.991624374489832,5.603613997690736,5.346833644195755,2.4416858228317184,144.16858228317184
New Product,Google,35-44,Female,Pune,124777,6186,31803.43,206,27987.67,4.957644437676816,5.141194633042354,3.330100226317491,0.8800204883561301,-11.997951164386993
Brand Awareness,Facebook,18-24,Male,Mumbai,32368,1299,4396.74,37,6530.65,4.0132229362333165,3.3847113163972287,2.848344880677444,1.4853391376337923,48.53391376337923
Summer Sale,Facebook,25-34,Male,Pune,106751,5056,22596.06,162,36175.23,4.736255398075897,4.469157436708861,3.2041139240506324,1.6009529980005364,60.095299800053645
College Offer,Facebook,25-34,Male,Bangalore,42306,1601,8171.69,68,14867.36,3.7843331915094787,5.104116177389131,4.2473454091193,1.819373960588324,81.9373960588324
Flash Sale,Facebook,35-44,Male,Mumbai,52219,1665,5047.62,55,9855.01,3.1884946092418467,3.0316036036036036,3.303303303303303,1.9524072731307032,95.24072731307032
Festive Campaign,Instagram,18-24,Female,Bangalore,75279,3962,15149.39,39,6572.02,5.263087979383361,3.823672387682988,0.9843513377082282,0.43381416677503193,-56.618583322496804
New Product,Instagram,45-54,Male,Mumbai,68028,3683,22427.08,169,29687.51,5.413947198212501,6.089351072495249,4.588650556611458,1.3237349668347371,32.37349668347371
Fashion Week,Google,45-54,Female,Pune,119263,5313,36733.97,187,29358.75,4.454860266805296,6.913978919631094,3.5196687370600417,0.7992261658622795,-20.07738341377205
College Offer,Instagram,25-34,Male,Bangalore,15126,964,8184.44,41,6098.61,6.373132354885628,8.490082987551867,4.253112033195021,0.7451468884859562,-25.48531115140437
New Product,Instagram,35-44,Male,Bangalore,67329,3745,30329.56,128,24016.07,5.562239154004961,8.09868090787717,3.417890520694259,0.7918370724797854,-20.816292752021464
College Offer,Instagram,18-24,Female,Bangalore,42632,2719,17280.31,155,24427.18,6.377838243572903,6.355391688120633,5.70062522986392,1.4135845942578575,41.35845942578575
Summer Sale,Instagram,18-24,Female,Mumbai,124945,6750,33935.55,334,53521.71,5.402377045900196,5.02748888888889,4.948148148148148,1.577157582535129,57.715758253512895
Summer Sale,Google,25-34,Male,Chandigarh,70176,3224,20366.21,78,16531.78,4.594163246694027,6.317062655086849,2.4193548387096775,0.8117258930355722,-18.827410696442787
Brand Awareness,Facebook,25-34,Female,Pune,149869,1651,11910.16,32,8179.05,1.101628755780048,7.213906723198062,1.9382192610539066,0.6867288096885349,-31.327119031146516
Tech Fest,Facebook,18-24,Female,Bangalore,49560,2279,7315.63,50,10225.46,4.598466505246166,3.210017551557701,2.1939447125932423,1.3977552172540162,39.775521725401624
Winter Sale,Instagram,18-24,Female,Hyderabad,91589,5418,26870.19,132,17262.58,5.9155575451200475,4.9594296788482835,2.436323366555925,0.6424435405927537,-35.75564594072464
Winter Sale,Facebook,25-34,Female,Chandigarh,37116,1743,13140.15,46,6006.76,4.696087940510831,7.53881239242685,2.63912794033276,0.45713024584955275,-54.28697541504472
College Offer,Facebook,18-24,Female,Hyderabad,147717,1477,7094.03,35,8861.97,0.9998849150740945,4.802999322951929,2.3696682464454977,1.2492151851627353,24.92151851627354
Brand Awareness,Instagram,45-54,Female,Pune,139085,11135,66044.29,712,115073.95,8.005895675306467,5.9312339470139195,6.394252357431522,1.7423754574392427,74.23754574392429
Winter Sale,Facebook,25-34,Female,Pune,132718,4422,26649.7,145,19268.96,3.331876610557724,6.026616915422886,3.2790592492085033,0.723046038041704,-27.695396195829602
Fashion Week,Instagram,18-24,Female,Bangalore,34256,2339,8436.44,128,26094.88,6.828000934142923,3.606857631466439,5.472424112868747,3.093115105423615,209.31151054236148
Winter Sale,Facebook,25-34,Male,Bangalore,115158,2593,12118.16,70,14511.76,2.2516889838309107,4.673413035094485,2.699575780948708,1.197521735973118,19.752173597311806
Diwali Offer,Facebook,35-44,Female,Mumbai,134719,5705,25712.82,137,28878.32,4.234740459771821,4.507067484662577,2.401402278702892,1.1231097950360949,12.310979503609484
Festive Campaign,Instagram,25-34,Male,Chandigarh,83244,3526,9369.22,130,20466.72,4.235740714045456,2.6571809415768572,3.68689733408962,2.184463594621538,118.44635946215377
Brand Awareness,Instagram,25-34,Female,Chandigarh,71264,3386,8956.48,149,18195.21,4.751347103726987,2.645150620200827,4.400472533963379,2.0315134963735755,103.15134963735753
Fashion Week,Facebook,35-44,Female,Bangalore,72545,4205,31496.22,207,52806.15,5.796402233096699,7.4901831153388825,4.922711058263971,1.67658690471428,67.658690471428
New Product,Facebook,45-54,Female,Pune,54224,1773,7337.43,72,11169.0,3.2697698436116847,4.138426395939087,4.060913705583756,1.5221951010094814,52.21951010094814
Fashion Week,Google,18-24,Female,Bangalore,112945,5377,30156.76,232,49797.33,4.760724246314578,5.608473126278594,4.314673609819602,1.6512824985177454,65.12824985177454
Tech Fest,Facebook,35-44,Male,Pune,28224,1282,5502.8,48,10508.55,4.542233560090702,4.292355694227769,3.74414976599064,1.909673257250854,90.96732572508539
New Product,Instagram,25-34,Male,Pune,55738,3397,27665.42,186,38204.59,6.094585381606803,8.144074183102736,5.475419487783338,1.380951021166496,38.095102116649585
Flash Sale,Instagram,18-24,Female,Bangalore,78731,4472,18137.45,176,28830.04,5.68010059569928,4.055780411449017,3.9355992844364938,1.5895310531524554,58.95310531524552
Festive Campaign,Facebook,35-44,Male,Delhi,23070,908,4610.77,17,2685.21,3.935847420892934,5.077940528634362,1.8722466960352422,0.5823777807177543,-41.76222192822458
Festive Campaign,Instagram,18-24,Female,Chandigarh,141161,11835,91560.08,623,126888.63,8.384043751461098,7.736381918039712,5.264047317279257,1.3858510171681808,38.58510171681807
Festive Campaign,Facebook,18-24,Female,Hyderabad,23666,811,6124.35,14,3377.55,3.4268570945660444,7.551602959309495,1.726263871763255,0.551495260721546,-44.8504739278454
Festive Campaign,Google,35-44,Male,Pune,72761,3449,12473.68,91,22981.39,4.740176743035417,3.6166077123804,2.638445926355465,1.8423905375157932,84.23905375157932
College Offer,Facebook,18-24,Male,Pune,51368,2445,17887.28,80,10786.15,4.759772621087058,7.315860940695296,3.2719836400818,0.6030067176228023,-39.69932823771976
Festive Campaign,Instagram,45-54,Female,Delhi,56914,3885,20392.84,141,19976.32,6.826088484379941,5.249122265122265,3.6293436293436296,0.9795751842313283,-2.042481576867177
Festive Campaign,Facebook,35-44,Female,Hyderabad,142738,7029,37941.23,224,56506.93,4.924406955400804,5.397813344714754,3.1867975529947365,1.4893278367622766,48.93278367622767
Festive Campaign,Facebook,45-54,Male,Mumbai,82526,3520,11619.1,35,7809.02,4.265322443835882,3.3008806818181817,0.9943181818181818,0.672084756994948,-32.7915243005052
Brand Awareness,Facebook,25-34,Female,Delhi,34956,744,2219.81,16,3897.91,2.1283899759697906,2.9836155913978493,2.1505376344086025,1.755965600659516,75.59656006595159
College Offer,Google,18-24,Male,Hyderabad,61240,3956,27168.37,174,25816.13,6.459830176355323,6.867636501516683,4.398382204246714,0.95022741518906,-4.977258481094
Summer Sale,Instagram,25-34,Female,Delhi,136008,5609,30730.4,119,24069.18,4.124022116346097,5.478766268497059,2.12159030130148,0.7832367948350818,-21.676320516491813
Fashion Week,Google,25-34,Female,Pune,109270,5313,27208.43,229,49958.54,4.862267777065983,5.121104837191794,4.310182571052136,1.8361419604144744,83.61419604144746
Fashion Week,Google,18-24,Male,Chandigarh,19757,710,4882.71,28,6026.04,3.5936630055170316,6.877056338028169,3.943661971830986,1.2341588994636175,23.415889946361755
New Product,Instagram,35-44,Male,Delhi,34097,1849,13115.1,35,6199.94,5.42276446608206,7.0930773391022175,1.8929150892374256,0.4727329566682678,-52.72670433317322
Brand Awareness,Instagram,18-24,Male,Mumbai,118892,7008,24201.77,222,27118.47,5.8944251926117825,3.4534489155251142,3.1678082191780823,1.120515978789981,12.051597878998109
Diwali Offer,Instagram,25-34,Female,Bangalore,85480,5031,30997.76,159,32055.93,5.885587271876462,6.161351619956271,3.1604054859868813,1.034136982801338,3.4136982801337963
Fashion Week,Instagram,25-34,Female,Hyderabad,61163,3673,12165.43,111,17253.2,6.005264620767457,3.312123604682821,3.02205281786006,1.418215385728248,41.8215385728248
Winter Sale,Instagram,35-44,Female,Delhi,34816,2589,18144.36,153,28004.45,7.4362362132352935,7.008250289687138,5.909617612977984,1.5434245131820576,54.34245131820576
Diwali Offer,Facebook,18-24,Female,Delhi,67853,2744,17676.11,77,19562.72,4.044036372746968,6.441731049562683,2.806122448979592,1.1067321939046544,10.673219390465439
Festive Campaign,Instagram,25-34,Male,Mumbai,111731,5817,47930.26,197,34645.39,5.20625430722002,8.239687123947052,3.386625408286058,0.7228291688799517,-27.71708311200482
Festive Campaign,Instagram,45-54,Female,Chandigarh,77823,5180,15093.22,109,25895.37,6.656129935880138,2.9137490347490345,2.1042471042471043,1.7156955242155087,71.56955242155087
College Offer,Google,25-34,Female,Delhi,16759,993,2822.43,48,7026.99,5.925174533086699,2.8423262839879153,4.833836858006042,2.4896950500100976,148.96950500100976
Diwali Offer,Instagram,25-34,Female,Delhi,107374,4323,18126.87,68,14561.82,4.026114329353474,4.193122831367106,1.5729817256534815,0.8033278773445167,-19.667212265548322
Winter Sale,Google,35-44,Male,Chandigarh,148554,7749,31540.24,293,75236.83,5.216284987277354,4.0702335785262616,3.7811330494257325,2.385423509776717,138.5423509776717
College Offer,Instagram,45-54,Female,Mumbai,39442,2501,9958.66,116,15574.74,6.340956340956342,3.9818712514994004,4.638144742103159,1.5639393251702538,56.39393251702538
New Product,Instagram,25-34,Female,Hyderabad,108501,5580,44291.4,296,35864.78,5.142809743688998,7.93752688172043,5.304659498207885,0.8097459100412269,-19.025408995877306
Diwali Offer,Facebook,25-34,Male,Hyderabad,17079,879,3513.61,18,3252.63,5.146671350781662,3.9972810011376567,2.04778156996587,0.925723116680565,-7.427688331943499
Brand Awareness,Facebook,45-54,Female,Delhi,148789,4939,20406.46,49,6515.41,3.319465820725995,4.131698724438145,0.9921036647094554,0.3192817372537912,-68.07182627462089
Festive Campaign,Google,18-24,Female,Chandigarh,74676,3472,24499.78,125,28096.73,4.64941882264717,7.056388248847926,3.6002304147465436,1.1468156040584854,14.681560405848545
Festive Campaign,Facebook,18-24,Male,Delhi,105397,3469,18033.39,167,41422.15,3.2913650293651617,5.19844047275872,4.814067454597867,2.2969696768050825,129.69696768050824
Tech Fest,Google,25-34,Female,Bangalore,87847,3969,28419.09,191,34525.72,4.518082575386752,7.16026455026455,4.812295288485765,1.2148777459095277,21.487774590952775
College Offer,Instagram,25-34,Female,Hyderabad,108607,4544,13142.14,154,24057.82,4.183892382627271,2.892196302816901,3.389084507042254,1.8305861906812742,83.05861906812741
Summer Sale,Instagram,18-24,Female,Pune,79077,2982,16178.62,69,12476.34,3.771008004856027,5.425425888665326,2.3138832997987926,0.771162188122349,-22.88378118776509
Summer Sale,Google,35-44,Male,Bangalore,53258,3415,9226.24,182,40273.45,6.412182207367907,2.701680819912152,5.329428989751098,4.36509889185627,336.50988918562706
College Offer,Google,45-54,Female,Delhi,134771,4694,13499.56,74,8973.8,3.482945143984982,2.875918193438432,1.5764806135492118,0.6647475917733615,-33.525240822663854
Brand Awareness,Google,45-54,Female,Mumbai,53000,1754,13924.35,56,11341.32,3.309433962264151,7.938625997719498,3.192702394526796,0.8144954701655732,-18.55045298344268
Flash Sale,Facebook,35-44,Male,Hyderabad,41737,417,1390.89,8,1646.89,0.9991134964180464,3.335467625899281,1.9184652278177456,1.184054813824242,18.405481382424203
College Offer,Instagram,35-44,Male,Pune,26485,1253,7135.24,59,12347.3,4.730979799886728,5.694525139664805,4.708699122106943,1.7304673704037985,73.04673704037987
Brand Awareness,Google,35-44,Female,Bangalore,53565,1559,7742.89,89,13695.6,2.910482591244283,4.966574727389353,5.708787684413085,1.768796922079482,76.8796922079482
New Product,Instagram,35-44,Female,Hyderabad,134614,10056,46097.31,546,120102.19,7.47024826541073,4.584060262529833,5.429594272076373,2.605405608266513,160.5405608266513
Festive Campaign,Google,35-44,Female,Chandigarh,80155,4578,36161.62,154,20450.4,5.711434096438151,7.898999563128004,3.3639143730886847,0.5655277612009639,-43.44722387990361
Winter Sale,Google,35-44,Female,Mumbai,67487,2479,6522.1,70,10352.85,3.6733000429712392,2.630939895119,2.8237192416296892,1.5873491666794437,58.73491666794437
Flash Sale,Facebook,45-54,Male,Bangalore,144948,8991,58286.3,192,46626.39,6.202914148522229,6.482738293849406,2.135468802135469,0.7999545347706064,-20.004546522939357
Diwali Offer,Google,35-44,Female,Chandigarh,27342,1552,12851.13,48,10724.22,5.6762489942213445,8.280367268041237,3.0927835051546393,0.8344962660871067,-16.550373391289327
Flash Sale,Google,18-24,Male,Delhi,55806,2293,13439.29,60,7315.46,4.108877181665054,5.861007413868295,2.6166593981683386,0.5443338152536331,-45.566618474636684
Winter Sale,Instagram,35-44,Male,Chandigarh,63770,1594,12944.77,25,3869.32,2.4996079661282735,8.120934755332497,1.5683814303638646,0.2989099072443929,-70.10900927556071
Tech Fest,Google,35-44,Female,Bangalore,93623,6786,19092.73,340,51005.75,7.2482189205643905,2.8135470085470087,5.010315355142941,2.67147495407938,167.147495407938
Festive Campaign,Facebook,45-54,Female,Bangalore,118177,2165,10852.63,21,3316.17,1.8319977660627702,5.012762124711316,0.9699769053117783,0.3055637204990864,-69.44362795009135
Summer Sale,Google,45-54,Male,Delhi,146026,3687,14972.71,132,20414.9,2.5248928273047264,4.060946569026308,3.580146460537022,1.3634739469341224,36.347394693412234
Brand Awareness,Instagram,35-44,Male,Chandigarh,90629,6096,41970.51,277,35664.77,6.726323803639012,6.8849261811023625,4.543963254593176,0.8497578418751641,-15.024215812483588
College Offer,Google,45-54,Female,Chandigarh,135993,10101,84724.99,497,91573.08,7.427588184685977,8.387782397782399,4.92030492030492,1.0808272742198022,8.082727421980216
College Offer,Instagram,25-34,Male,Delhi,141944,10164,41054.23,446,99271.88,7.160570365778053,4.03918044077135,4.3880362062180245,2.418067029877311,141.80670298773111
Summer Sale,Instagram,45-54,Female,Chandigarh,120947,7470,47995.11,331,67835.95,6.176259022547066,6.425048192771085,4.431057563587684,1.4133929477398843,41.33929477398843
Flash Sale,Google,45-54,Female,Hyderabad,41399,2158,7959.97,101,21634.41,5.212686296770453,3.688586654309546,4.680259499536608,2.7179009468628648,171.79009468628647
Festive Campaign,Instagram,45-54,Male,Delhi,143177,9341,55037.0,317,41641.4,6.524092556765402,5.891981586553902,3.3936409378010923,0.756607373221651,-24.33926267783491
Fashion Week,Instagram,45-54,Male,Mumbai,124575,7986,42194.79,286,72417.69,6.410596026490066,5.2835950413223145,3.581267217630854,1.716270895056001,71.62708950560011
Brand Awareness,Google,18-24,Female,Bangalore,125904,6090,50742.07,191,45341.27,4.837018680899733,8.332031198686371,3.136288998357964,0.8935636642336428,-10.643633576635725
New Product,Google,18-24,Male,Mumbai,45678,2112,12991.26,37,8610.37,4.623670038092736,6.151164772727273,1.7518939393939392,0.6627817471130591,-33.721825288694085
Winter Sale,Facebook,18-24,Female,Hyderabad,91218,3124,14361.15,54,12701.76,3.424762656493236,4.597039052496799,1.7285531370038414,0.8844528467427748,-11.554715325722519
Flash Sale,Facebook,35-44,Female,Hyderabad,78230,2030,6464.69,34,8519.7,2.594912437683753,3.1845763546798027,1.6748768472906401,1.317882218636934,31.788221863693405
Diwali Offer,Facebook,35-44,Female,Pune,89055,2816,9595.47,102,20011.95,3.162090842737634,3.4074822443181816,3.6221590909090913,2.085562249686571,108.5562249686571
Tech Fest,Instagram,25-34,Male,Pune,87258,3026,11655.85,92,13619.63,3.4678768708886287,3.8519001982815597,3.040317250495704,1.1684802052188386,16.84802052188385
College Offer,Instagram,18-24,Female,Pune,54986,2959,11853.16,119,24555.61,5.381369803222639,4.0057992565055764,4.021628928692126,2.0716509352780186,107.16509352780189
Flash Sale,Facebook,35-44,Female,Delhi,100595,2327,17693.8,73,16352.25,2.3132362443461405,7.603695745595187,3.137086377309841,0.9241796561507422,-7.58203438492579
Tech Fest,Google,45-54,Female,Chandigarh,116358,3695,21679.81,89,19874.45,3.1755444404338333,5.867336941813262,2.408660351826793,0.9167262074713755,-8.327379252862457
Winter Sale,Google,45-54,Female,Hyderabad,79929,3769,21258.46,147,28371.42,4.715434948516808,5.640344919076678,3.9002387901300084,1.3345943215077667,33.45943215077668
College Offer,Google,18-24,Female,Mumbai,88506,5461,17413.02,224,29026.87,6.170203150068922,3.188613806995056,4.1018128547885,1.6669635709371493,66.69635709371492
College Offer,Instagram,25-34,Female,Mumbai,49911,3295,25242.46,158,27169.02,6.601751116988239,7.660837632776935,4.795144157814871,1.076322196806492,7.6322196806491975
Fashion Week,Facebook,25-34,Female,Mumbai,102127,1649,11274.02,17,4231.42,1.6146562613216877,6.836882959369315,1.0309278350515463,0.37532486193921955,-62.467513806078045
Flash Sale,Instagram,45-54,Female,Mumbai,128453,5539,16096.39,55,11100.26,4.312083018691661,2.906010110128182,0.9929590178732622,0.6896117700925487,-31.038822990745125
Festive Campaign,Facebook,25-34,Female,Pune,99458,4603,31056.49,148,28914.24,4.628084216453176,6.747010645231371,3.215294373234847,0.9310208590861363,-6.897914091386373
Summer Sale,Facebook,18-24,Female,Mumbai,27175,630,3629.57,24,3783.35,2.3183072677092915,5.761222222222223,3.8095238095238098,1.0423686552401523,4.236865524015234
Summer Sale,Google,45-54,Female,Chandigarh,134235,5678,16979.22,243,41694.63,4.22989533281186,2.990352236703065,4.2796759422331805,2.4556269369264307,145.5626936926431
New Product,Instagram,35-44,Male,Pune,69771,4297,22558.41,231,56675.49,6.158719238652162,5.249804514777752,5.3758436118222015,2.5123885061048186,151.23885061048185
Diwali Offer,Instagram,35-44,Female,Mumbai,142157,6166,33346.82,290,61858.4,4.337457881075149,5.408177100227052,4.703211157963023,1.8550014664066918,85.5001466406692
Tech Fest,Instagram,25-34,Female,Delhi,136300,7668,26796.96,310,71372.6,5.625825385179751,3.4946478873239437,4.042775169535733,2.6634588401072365,166.34588401072364
Flash Sale,Google,45-54,Female,Bangalore,101925,2954,24146.55,79,14505.06,2.8982094677458914,8.174187542315504,2.6743398781313474,0.6007094181156314,-39.929058188436855
Brand Awareness,Facebook,45-54,Male,Bangalore,81358,2260,17175.67,36,7496.45,2.77784606307923,7.599853982300885,1.592920353982301,0.4364575006389853,-56.35424993610146
Diwali Offer,Instagram,35-44,Female,Bangalore,62057,3651,23783.1,135,20894.45,5.883300836327892,6.514133114215283,3.697617091207888,0.8785419058070648,-12.145809419293524
Fashion Week,Instagram,45-54,Male,Pune,21150,758,3997.52,27,5906.64,3.5839243498817965,5.27377308707124,3.562005277044855,1.4775760971802518,47.757609718025186
College Offer,Facebook,45-54,Female,Mumbai,19425,782,3887.0,35,6295.25,4.025740025740026,4.970588235294118,4.475703324808184,1.6195652173913044,61.95652173913043
Festive Campaign,Instagram,45-54,Female,Hyderabad,31032,1699,10883.52,62,11281.3,5.474993555039958,6.4058387286639205,3.6492054149499706,1.0365488371409248,3.654883714092488
Flash Sale,Google,25-34,Male,Hyderabad,17198,887,5120.29,27,5694.44,5.157576462379346,5.7725930101465615,3.0439684329199546,1.1121323206302767,11.213232063027673
Diwali Offer,Facebook,45-54,Female,Hyderabad,133865,5044,14494.63,147,36908.66,3.7679751988944084,2.8736379857256145,2.9143536875495637,2.5463678617529393,154.63678617529393
Diwali Offer,Instagram,18-24,Male,Pune,38236,2728,15208.64,149,19215.17,7.13463751438435,5.575014662756598,5.461876832844575,1.2634377564331853,26.34377564331853
Festive Campaign,Instagram,25-34,Male,Chandigarh,102955,5817,42687.6,129,30374.86,5.6500412801709485,7.338421866941722,2.21763795771016,0.711561671305016,-28.8438328694984
New Product,Google,45-54,Female,Delhi,118145,4707,24737.35,47,7563.88,3.9840873502898977,5.255438708306777,0.9985128531973655,0.3057675943462012,-69.42324056537987
Tech Fest,Instagram,45-54,Female,Delhi,109914,6206,17449.66,204,37158.34,5.646232509052532,2.8117402513696423,3.287141475990976,2.1294592559396572,112.9459255939657
Tech Fest,Instagram,18-24,Female,Bangalore,117870,7251,52335.32,200,24613.57,6.151692542631713,7.217669286994897,2.7582402427251416,0.4703051400086978,-52.96948599913023
Diwali Offer,Google,25-34,Female,Bangalore,131243,5982,22182.35,164,26592.02,4.557957376774381,3.708182881979271,2.7415580073553993,1.1987918322450057,19.879183224500572
Winter Sale,Google,35-44,Male,Hyderabad,29596,1346,5453.62,42,7995.47,4.547911879983781,4.051723625557207,3.1203566121842496,1.4660849124068052,46.60849124068051
Diwali Offer,Google,35-44,Male,Hyderabad,147351,5389,18798.12,124,15855.22,3.6572537682133137,3.4882390053813324,2.3009834848766006,0.8434471106685136,-15.655288933148634
Diwali Offer,Google,25-34,Female,Bangalore,126496,4686,20999.33,216,40770.73,3.7044649633189985,4.481291079812207,4.609475032010243,1.9415252772350355,94.15252772350355
Festive Campaign,Instagram,45-54,Male,Mumbai,145273,5544,39032.58,185,46212.17,3.8162631734733914,7.040508658008658,3.336940836940837,1.1839383919792132,18.393839197921316
College Offer,Instagram,45-54,Male,Chandigarh,135674,10310,57904.21,555,74789.05,7.599097837463331,5.616315227934044,5.383123181377304,1.2915995227290038,29.15995227290037
Festive Campaign,Google,35-44,Female,Chandigarh,135307,4069,15174.47,132,29966.86,3.007235398020797,3.729287294175473,3.24404030474318,1.974820866890244,97.4820866890244
Flash Sale,Facebook,35-44,Male,Chandigarh,34063,908,7052.42,9,1596.19,2.665648944602648,7.7669823788546255,0.9911894273127754,0.2263322377283259,-77.3667762271674
Diwali Offer,Facebook,35-44,Male,Chandigarh,82642,2180,16954.93,77,16302.77,2.637883884707534,7.777490825688074,3.5321100917431196,0.9615356713357118,-3.8464328664288194
Tech Fest,Google,18-24,Female,Bangalore,105093,5857,45236.37,224,35041.02,5.573159011542158,7.723471060269763,3.8244835239883903,0.774620510001134,-22.537948999886606
Brand Awareness,Instagram,35-44,Male,Delhi,50954,2622,10311.74,117,16652.48,5.145817796443851,3.9327765064836004,4.462242562929062,1.6149049529953237,61.49049529953238
Tech Fest,Facebook,18-24,Female,Bangalore,42856,2141,11149.12,49,6980.77,4.995799887997014,5.207435777673984,2.288650163475012,0.6261274432421572,-37.387255675784274
Summer Sale,Instagram,25-34,Male,Chandigarh,17573,824,6929.79,12,1558.43,4.689011551812439,8.40993932038835,1.4563106796116505,0.2248884886843613,-77.51115113156388
New Product,Facebook,45-54,Female,Bangalore,50367,1931,13772.04,76,11095.28,3.8338594714793417,7.132076644225791,3.9357845675815644,0.8056380899271277,-19.436191007287228
Fashion Week,Instagram,35-44,Male,Chandigarh,114608,5154,13725.13,194,41320.2,4.49706826748569,2.663005432673651,3.7640667442762905,3.010550719738174,201.05507197381738
Flash Sale,Instagram,45-54,Male,Pune,75774,6118,17688.53,257,62563.23,8.074009554728535,2.8912275253350765,4.2007191892775415,3.5369377783230154,253.69377783230155
Flash Sale,Instagram,45-54,Female,Hyderabad,38752,1579,8342.79,32,7487.28,4.074628406275805,5.283590880303991,2.026599113362888,0.8974551678754947,-10.254483212450523
New Product,Facebook,35-44,Female,Delhi,70029,2711,21566.88,117,25262.5,3.871253337902869,7.955322759129473,4.315750645518259,1.1713562647911984,17.135626479119832
Brand Awareness,Facebook,35-44,Female,Pune,145282,6189,35476.65,109,14765.19,4.259990914221996,5.73221037324285,1.7611892066569719,0.41619459560020466,-58.380540439979534
Fashion Week,Facebook,25-34,Female,Mumbai,66693,2665,14622.52,133,21344.67,3.9959216109636695,5.486874296435272,4.9906191369606,1.4597121426402562,45.97121426402561
College Offer,Google,18-24,Male,Bangalore,131739,5635,17653.57,119,19441.38,4.277396974320437,3.132842945874002,2.111801242236025,1.1012718673899955,10.12718673899954
Diwali Offer,Instagram,18-24,Male,Mumbai,70961,3792,24423.06,172,26658.96,5.343780386409437,6.440680379746836,4.5358649789029535,1.0915487248526596,9.154872485265965
Fashion Week,Instagram,45-54,Male,Bangalore,141678,7866,58464.98,276,53019.82,5.552026426121205,7.432618866005594,3.508771929824561,0.9068645879978064,-9.313541200219351
Brand Awareness,Google,35-44,Female,Hyderabad,89532,3871,18513.14,152,29636.59,4.32359379886521,4.782521312322397,3.9266339447171275,1.6008408082043348,60.08408082043349
Winter Sale,Instagram,25-34,Male,Pune,96994,6456,46184.1,249,42321.05,6.6560818194939895,7.153671003717472,3.856877323420074,0.9163554123605311,-8.36445876394689
Summer Sale,Google,25-34,Male,Hyderabad,71133,5087,42155.26,233,39500.6,7.151392462007788,8.286860625122863,4.580302732455278,0.9370266011880841,-6.297339881191584
Fashion Week,Instagram,25-34,Female,Chandigarh,76268,3684,13714.05,131,30915.71,4.830335134001154,3.7225977198697064,3.5559174809989145,2.254309266773856,125.4309266773856
Fashion Week,Google,25-34,Female,Hyderabad,46653,1332,7512.45,16,3688.02,2.855121857115298,5.639977477477477,1.2012012012012012,0.4909210710221033,-50.907892897789665
Summer Sale,Instagram,25-34,Male,Hyderabad,136829,7380,31164.47,347,56592.72,5.393593463373993,4.222827913279133,4.70189701897019,1.8159371874445482,81.59371874445482
Diwali Offer,Google,18-24,Female,Chandigarh,143377,10890,79030.11,480,119006.58,7.595360483201629,7.257126721763085,4.40771349862259,1.5058384709321548,50.58384709321548
Fashion Week,Facebook,18-24,Male,Bangalore,16622,421,2511.5,8,2027.15,2.532787871495608,5.965558194774347,1.9002375296912115,0.8071471232331277,-19.285287676687236
Summer Sale,Google,18-24,Male,Chandigarh,63756,4123,26005.8,132,21878.2,6.466842336407554,6.307494542808635,3.2015522677661896,0.841281560267325,-15.871843973267497
Summer Sale,Instagram,35-44,Female,Pune,55809,4193,30556.42,79,13399.94,7.513125123188017,7.2874839017409965,1.8840925351776772,0.43853108446604677,-56.14689155339532
Summer Sale,Facebook,45-54,Male,Hyderabad,31725,899,4383.36,19,3624.99,2.8337273443656423,4.875817575083426,2.1134593993325916,0.8269888852387209,-17.3011114761279
Festive Campaign,Google,25-34,Female,Chandigarh,66226,3432,27423.53,226,56897.06,5.182254703590735,7.990539044289044,6.585081585081586,2.0747533231498645,107.47533231498643
Brand Awareness,Facebook,35-44,Female,Hyderabad,96182,5245,29886.92,251,60913.86,5.4532033020731525,5.698173498570067,4.785510009532888,2.0381444457976934,103.81444457976936
Festive Campaign,Facebook,25-34,Male,Pune,44402,1352,4661.33,33,4433.86,3.0449078870321156,3.4477292899408285,2.440828402366864,0.9512006229981571,-4.879937700184287
Winter Sale,Facebook,18-24,Male,Mumbai,19263,627,4185.47,14,2449.75,3.254944712661579,6.675390749601276,2.2328548644338118,0.5852986641882513,-41.47013358117488
College Offer,Facebook,35-44,Male,Pune,62924,1763,12798.62,42,8293.82,2.801792638738796,7.259568916619399,2.38230289279637,0.6480245526470823,-35.19754473529178
Festive Campaign,Facebook,18-24,Female,Delhi,89182,2035,8955.16,56,10664.56,2.2818505976542354,4.400570024570024,2.751842751842752,1.1908843616417797,19.08843616417797
Festive Campaign,Facebook,25-34,Male,Delhi,50737,1380,10547.44,13,1912.83,2.7199085480024436,7.643072463768116,0.9420289855072465,0.1813549069726872,-81.86450930273128
Brand Awareness,Google,25-34,Female,Delhi,116332,3526,27985.37,135,32431.64,3.0309802977684557,7.936860465116279,3.828701077708452,1.1588783710917525,15.88783710917526
College Offer,Instagram,45-54,Female,Hyderabad,104563,5793,24107.15,275,59062.22,5.540200644587474,4.1614275850163995,4.747108579319869,2.4499876592629155,144.99876592629158
New Product,Instagram,25-34,Male,Bangalore,143575,6570,55195.42,277,65734.09,4.576005572000696,8.401129375951294,4.216133942161339,1.1909337767517667,19.09337767517667
Summer Sale,Google,18-24,Female,Bangalore,116371,5563,18604.17,222,53330.39,4.780400615273565,3.344269279165917,3.990652525615675,2.8665825994924794,186.65825994924796
Flash Sale,Google,25-34,Male,Bangalore,53709,1414,5248.9,32,7192.63,2.6327058779720343,3.712093352192362,2.263083451202263,1.3703118748690204,37.03118748690203
College Offer,Facebook,45-54,Male,Hyderabad,36172,1409,5079.94,53,9618.94,3.8952781156695786,3.6053513129879344,3.7615330021291693,1.8935144903286263,89.35144903286262
Winter Sale,Facebook,45-54,Male,Pune,26555,1195,9397.41,48,9862.87,4.500094144228959,7.863941422594142,4.01673640167364,1.049530668556549,4.953066855654919
Diwali Offer,Instagram,18-24,Male,Bangalore,68276,2121,13629.03,45,6410.3,3.106508875739645,6.425756718528996,2.1216407355021216,0.4703416163879601,-52.965838361203986
Winter Sale,Instagram,35-44,Male,Mumbai,72492,4312,14715.24,148,31717.93,5.948242564696795,3.4126252319109462,3.4322820037105752,2.1554476855287446,115.54476855287446
Summer Sale,Facebook,25-34,Male,Delhi,104599,5201,26743.23,192,27858.33,4.972322871155556,5.141940011536243,3.691597769659681,1.041696534038708,4.16965340387082
College Offer,Instagram,45-54,Male,Pune,26046,1054,6526.14,52,11291.95,4.046686631344544,6.191783681214422,4.933586337760911,1.7302647506795747,73.02647506795748
Winter Sale,Facebook,25-34,Female,Delhi,131021,7215,21650.66,172,26168.72,5.506750826203433,3.0007844767844767,2.3839223839223838,1.2086800125261772,20.86800125261771
Winter Sale,Instagram,25-34,Male,Bangalore,19853,1191,9283.25,28,3820.8,5.999093336019746,7.794500419815281,2.3509655751469354,0.4115799962297687,-58.842000377023126
New Product,Google,35-44,Female,Pune,135900,4965,36351.85,151,21614.11,3.653421633554084,7.321621349446122,3.041289023162135,0.5945807434834817,-40.54192565165184
New Product,Google,45-54,Female,Chandigarh,74129,3286,18175.66,110,13230.68,4.4328130691092555,5.531241631162508,3.3475349969567865,0.7279339512292814,-27.20660487707186
