campaign,platform,age_group,gender,location,impressions,clicks,spend,conversions,revenue
Winter Sale,Instagram,45-54,Female,Hyderabad,136790,6578,38637.73,223,53205.24
New Product,Google,35-44,Female,Pune,120616,5604,46209.19,221,27250.03
Diwali Offer,Facebook,18-24,Male,Bangalore,93752,6161,21882.75,196,48176.5
Winter Sale,Facebook,45-54,Male,Chandigarh,70284,2378,15789.99,76,17453.23
Diwali Offer,Instagram,35-44,Female,Bangalore,72043,4955,18361.26,218,49977.08
Diwali Offer,Instagram,45-54,Female,Pune,112007,5215,29803.55,239,44004.54
Summer Sale,Instagram,35-44,Female,Delhi,97844,5340,16447.51,281,49377.53
Summer Sale,Google,18-24,Female,Pune,42532,2817,14654.67,214,34755.36
Brand Awareness,Facebook,45-54,Female,Hyderabad,137402,3775,26564.6,115,14857.69
Tech Fest,Facebook,25-34,Male,Delhi,133012,7548,34610.82,329,49992.52
Brand Awareness,Instagram,45-54,Male,Hyderabad,71178,4519,29325.92,206,31832.05
Brand Awareness,Google,35-44,Male,Mumbai,64407,2463,17912.66,62,11641.79
Tech Fest,Google,18-24,Female,Pune,65990,3470,27978.84,143,32123.84
Fashion Week,Instagram,35-44,Male,Pune,144473,9632,37640.44,400,74533.35
Winter Sale,Instagram,45-54,Male,Chandigarh,73141,4568,22364.45,204,26132.04
Flash Sale,Instagram,45-54,Male,Bangalore,71570,2587,8833.3,114,28966.33
Brand Awareness,Instagram,25-34,Female,Delhi,16015,741,6265.08,16,4031.7
College Offer,Facebook,18-24,Female,Delhi,76813,2460,19832.53,97,22302.87
College Offer,Facebook,18-24,Male,Chandigarh,42712,1456,8357.07,62,16044.73
Diwali Offer,Instagram,45-54,Female,Chandigarh,115497,7212,54466.46,298,58475.8
Tech Fest,Facebook,18-24,Male,Bangalore,127816,4746,26699.8,47,11975.02
Diwali Offer,Instagram,25-34,Male,Hyderabad,143778,5603,34971.2,126,16453.67
Festive Campaign,Instagram,35-44,Male,Bangalore,77292,4603,13968.94,261,44681.97
Festive Campaign,Instagram,18-24,Male,Pune,38833,2420,17016.53,102,15458.44
Flash Sale,Facebook,45-54,Female,Hyderabad,35309,1473,4811.23,28,4127.67
Summer Sale,Google,35-44,Female,Mumbai,21970,1273,9492.0,43,6007.63
Summer Sale,Instagram,35-44,Female,Bangalore,87474,5686,40894.67,308,63798.48
Tech Fest,Facebook,25-34,Female,Chandigarh,61540,2492,16827.15,93,21332.81
Tech Fest,Facebook,45-54,Male,Hyderabad,33017,1127,3062.02,27,5425.97
Brand Awareness,Instagram,18-24,Female,Bangalore,90880,3187,13763.92,74,10402.53
Festive Campaign,Facebook,45-54,Male,Delhi,120570,4841,19744.87,125,29194.67
Brand Awareness,Instagram,35-44,Female,Mumbai,23702,1362,6348.03,39,8152.31
Summer Sale,Instagram,45-54,Female,Pune,146456,8532,25816.61,511,89089.37
Winter Sale,Google,18-24,Female,Delhi,15404,457,3711.64,9,1929.4
Winter Sale,Google,18-24,Male,Delhi,27763,889,5176.48,36,5629.92
Tech Fest,Google,25-34,Male,Mumbai,113142,6521,28256.44,381,64132.55
Diwali Offer,Instagram,18-24,Male,Pune,95642,5214,25454.17,263,65341.83
Summer Sale,Instagram,18-24,Male,Chandigarh,65612,4145,21484.43,157,25225.29
Winter Sale,Facebook,45-54,Female,Hyderabad,38574,1363,8319.16,44,8175.13
Summer Sale,Facebook,45-54,Male,Pune,38524,1362,7619.13,37,9050.93
New Product,Instagram,35-44,Male,Bangalore,25916,1717,13764.08,58,12706.7
College Offer,Facebook,25-34,Female,Delhi,19809,570,3124.62,16,2059.34
Festive Campaign,Instagram,45-54,Female,Bangalore,136288,7653,64690.41,193,27140.13
Brand Awareness,Google,18-24,Male,Chandigarh,53765,2121,16137.73,94,11383.2
Summer Sale,Instagram,35-44,Female,Bangalore,60106,2992,11223.18,90,18749.61
College Offer,Facebook,45-54,Male,Pune,68932,2156,17428.18,60,10960.46
New Product,Instagram,25-34,Female,Bangalore,72091,4157,13294.91,181,25122.52
Brand Awareness,Facebook,25-34,Male,Chandigarh,36949,1080,7997.07,23,5844.55
Summer Sale,Facebook,35-44,Male,Chandigarh,52744,2640,12629.07,113,21939.22
Tech Fest,Instagram,35-44,Male,Chandigarh,123319,5458,42396.9,148,22772.03
College Offer,Google,35-44,Male,Pune,107193,4583,35327.32,194,36876.39
Brand Awareness,Google,35-44,Male,Chandigarh,51187,2033,14913.18,28,6024.11
Summer Sale,Google,35-44,Female,Delhi,139454,8696,62960.63,385,50309.29
College Offer,Google,18-24,Male,Chandigarh,29489,1396,6041.99,80,12676.68
New Product,Facebook,18-24,Male,Bangalore,76877,3642,10873.25,82,19103.96
Summer Sale,Google,45-54,Male,Hyderabad,64922,1764,8675.14,27,4977.53
Summer Sale,Instagram,25-34,Male,Bangalore,109074,6348,22479.2,296,58170.16
Summer Sale,Instagram,18-24,Male,Hyderabad,52131,3423,22830.41,160,28895.08
Flash Sale,Instagram,18-24,Female,Bangalore,130765,7321,33505.28,318,40114.43
Tech Fest,Instagram,18-24,Female,Pune,88963,6030,50372.58,311,44536.75
New Product,Instagram,45-54,Male,Bangalore,121884,5947,37738.67,255,46505.84
Brand Awareness,Instagram,35-44,Female,Pune,140917,10133,75337.67,621,92706.58
Flash Sale,Google,45-54,Male,Pune,39285,2851,9394.47,152,19303.55
Diwali Offer,Instagram,25-34,Female,Chandigarh,52626,2665,20446.11,89,21191.87
Flash Sale,Instagram,25-34,Female,Delhi,34198,1698,13646.05,74,19045.15
Festive Campaign,Facebook,25-34,Male,Hyderabad,30254,1586,8599.88,95,21948.8
Festive Campaign,Instagram,25-34,Female,Chandigarh,59238,4380,26882.33,208,49822.22
Summer Sale,Google,18-24,Female,Chandigarh,16252,629,4458.89,11,1692.64
Flash Sale,Instagram,18-24,Male,Pune,54764,2735,9706.6,134,34101.36
Diwali Offer,Google,45-54,Male,Pune,92709,3858,21278.4,115,16970.5
Flash Sale,Google,35-44,Female,Hyderabad,68682,1982,9695.9,19,4810.8
Tech Fest,Instagram,25-34,Female,Bangalore,74494,3275,11063.75,140,36298.46
Tech Fest,Instagram,45-54,Female,Bangalore,96317,4136,19460.73,106,23281.97
Diwali Offer,Google,18-24,Male,Chandigarh,80215,2870,8348.93,77,19816.73
Flash Sale,Facebook,18-24,Female,Mumbai,93587,3236,8591.16,101,20173.29
College Offer,Facebook,35-44,Female,Mumbai,21949,829,2744.82,26,4064.73
Tech Fest,Google,35-44,Female,Bangalore,70393,4477,37063.7,232,42033.63
Tech Fest,Instagram,35-44,Male,Mumbai,40934,1760,10203.03,47,9545.63
Winter Sale,Instagram,45-54,Male,Bangalore,90745,6062,50283.88,311,40501.97
Flash Sale,Instagram,18-24,Male,Pune,109456,5739,29240.13,196,40597.1
Tech Fest,Google,18-24,Male,Chandigarh,68413,3037,13274.41,126,32427.98
New Product,Facebook,35-44,Female,Delhi,112239,4837,26781.75,191,28003.48
Flash Sale,Instagram,25-34,Male,Chandigarh,57318,2380,12226.23,47,10855.28
Festive Campaign,Instagram,35-44,Female,Bangalore,85390,5088,15945.73,276,68201.21
Winter Sale,Instagram,45-54,Female,Bangalore,58088,3310,21001.81,110,27733.0
Tech Fest,Instagram,35-44,Female,Chandigarh,118196,7199,27329.05,372,94643.86
Winter Sale,Facebook,35-44,Female,Hyderabad,70479,2711,16855.72,92,17756.4
Festive Campaign,Facebook,45-54,Male,Bangalore,34963,2253,14421.92,148,38009.82
Diwali Offer,Google,35-44,Male,Mumbai,70123,2618,8933.01,69,15595.62
Diwali Offer,Facebook,18-24,Male,Mumbai,140911,4034,11569.91,80,11410.72
Flash Sale,Instagram,25-34,Male,Bangalore,117468,5582,40104.27,192,35859.07
Festive Campaign,Facebook,35-44,Male,Bangalore,88477,2506,13178.56,51,11248.88
Fashion Week,Google,45-54,Female,Hyderabad,29388,1097,3125.33,42,6494.36
Fashion Week,Facebook,25-34,Male,Mumbai,20569,1013,8579.3,16,3354.98
Flash Sale,Google,45-54,Male,Bangalore,84836,5263,14982.09,157,33491.88
Summer Sale,Facebook,25-34,Male,Bangalore,119573,3366,22451.93,37,5282.78
Winter Sale,Facebook,25-34,Male,Hyderabad,60002,1500,12603.11,50,9955.6
Winter Sale,Facebook,35-44,Female,Hyderabad,39071,1588,6248.91,81,18470.25
Diwali Offer,Instagram,18-24,Female,Chandigarh,73243,3543,11881.44,119,22591.6
Fashion Week,Instagram,35-44,Female,Hyderabad,140827,8815,28457.55,360,43810.0
Brand Awareness,Instagram,45-54,Female,Delhi,123215,7076,30565.85,289,35045.7
Tech Fest,Facebook,45-54,Female,Mumbai,116570,1959,6085.19,62,10539.01
Tech Fest,Instagram,25-34,Male,Chandigarh,84724,6233,41467.95,235,58671.78
Tech Fest,Facebook,25-34,Female,Delhi,130359,7371,21182.42,312,47428.6
Diwali Offer,Google,18-24,Female,Bangalore,90697,3414,18970.0,139,29024.72
Festive Campaign,Instagram,35-44,Female,Bangalore,43732,2201,18664.88,92,13900.34
College Offer,Facebook,45-54,Male,Chandigarh,136465,5244,38720.76,167,27560.64
Fashion Week,Google,25-34,Male,Hyderabad,72108,3534,21880.11,167,39867.22
Fashion Week,Instagram,18-24,Female,Bangalore,126195,7937,34426.91,84,18651.41
Brand Awareness,Instagram,45-54,Male,Pune,118081,9342,58325.61,561,74812.66
Winter Sale,Instagram,25-34,Male,Chandigarh,51668,2732,15469.26,81,14581.48
Summer Sale,Instagram,45-54,Female,Delhi,38061,1728,8737.63,19,2357.59
Flash Sale,Google,18-24,Male,Chandigarh,94252,2681,8805.11,81,15173.29
Winter Sale,Google,18-24,Male,Mumbai,54749,1983,15506.32,89,18933.93
Festive Campaign,Facebook,45-54,Male,Hyderabad,145560,5036,26180.69,130,17756.75
Flash Sale,Google,35-44,Female,Hyderabad,119680,7962,29202.51,450,72199.75
Fashion Week,Google,45-54,Female,Chandigarh,66745,2588,12180.57,127,22313.54
Festive Campaign,Instagram,25-34,Female,Bangalore,123464,7122,35501.59,398,98996.27
Flash Sale,Google,35-44,Male,Bangalore,106865,4787,35736.04,252,65282.04
Brand Awareness,Facebook,25-34,Female,Pune,127428,6277,43321.88,279,35234.24
Brand Awareness,Google,45-54,Male,Pune,38624,2909,20699.95,147,33301.54
New Product,Google,35-44,Male,Hyderabad,38321,1480,3797.96,15,2580.62
College Offer,Instagram,25-34,Male,Pune,37574,1845,9219.32,60,10496.65
Brand Awareness,Instagram,45-54,Female,Delhi,133831,9037,48691.94,321,72416.67
Fashion Week,Instagram,45-54,Female,Pune,110257,6966,18217.16,482,119815.42
Summer Sale,Facebook,35-44,Female,Delhi,79291,4532,18394.84,171,43285.23
Tech Fest,Google,45-54,Female,Pune,142600,7416,52369.86,286,57427.99
New Product,Google,18-24,Male,Hyderabad,65428,2662,8844.92,99,16829.7
Tech Fest,Instagram,25-34,Female,Hyderabad,146374,9088,51909.39,392,90260.69
College Offer,Facebook,25-34,Male,Delhi,146127,7058,26758.37,391,60659.82
Flash Sale,Facebook,45-54,Female,Chandigarh,126317,5664,14571.91,145,28850.7
Diwali Offer,Instagram,45-54,Female,Hyderabad,142449,8701,34344.66,386,65697.58
Brand Awareness,Instagram,18-24,Female,Chandigarh,43699,2962,24748.23,109,23100.19
Summer Sale,Instagram,35-44,Male,Bangalore,88686,6122,44747.06,187,28733.64
College Offer,Google,45-54,Male,Delhi,82661,5090,42030.47,178,26134.5
Tech Fest,Instagram,45-54,Male,Hyderabad,59247,3719,20183.48,158,39271.45
New Product,Facebook,45-54,Male,Mumbai,120113,3963,12516.81,85,11411.46
Brand Awareness,Facebook,45-54,Male,Bangalore,19621,721,4172.97,14,2671.68
Fashion Week,Instagram,25-34,Female,Chandigarh,33030,2294,11989.05,68,10262.52
Brand Awareness,Google,45-54,Male,Hyderabad,97838,3443,26050.23,92,11541.42
New Product,Google,25-34,Male,Delhi,99717,4928,15220.11,86,10753.67
New Product,Instagram,45-54,Male,Pune,53638,2696,14637.79,122,17632.79
Diwali Offer,Facebook,35-44,Male,Mumbai,82067,2900,9860.85,83,20031.87
Brand Awareness,Instagram,18-24,Female,Chandigarh,133033,9357,41620.46,277,44194.53
Brand Awareness,Instagram,35-44,Male,Bangalore,120977,6931,47991.23,251,63519.14
Diwali Offer,Instagram,45-54,Female,Delhi,103869,5770,30904.75,173,34846.89
Festive Campaign,Facebook,45-54,Female,Mumbai,120186,2245,10675.72,50,9056.3
Festive Campaign,Facebook,45-54,Female,Delhi,49674,2183,10624.35,106,21328.52
Flash Sale,Instagram,35-44,Male,Hyderabad,61271,3844,20206.68,78,15002.35
Festive Campaign,Instagram,45-54,Female,Pune,88688,7180,51768.51,390,88229.18
Winter Sale,Google,35-44,Male,Bangalore,126076,5207,40888.01,152,24251.52
Brand Awareness,Instagram,25-34,Male,Delhi,16062,925,7614.61,44,7454.79
Summer Sale,Instagram,18-24,Male,Chandigarh,65448,3795,27405.29,163,39963.23
Brand Awareness,Facebook,18-24,Male,Hyderabad,110462,5957,26165.77,173,43683.18
Winter Sale,Google,35-44,Male,Hyderabad,62915,2759,18288.88,79,19351.69
Winter Sale,Instagram,25-34,Female,Bangalore,19632,1145,5868.83,35,6255.3
Tech Fest,Facebook,35-44,Female,Hyderabad,119592,5058,20373.74,225,51581.51
Brand Awareness,Google,25-34,Male,Chandigarh,149668,7070,53344.77,245,45738.32
College Offer,Instagram,45-54,Female,Delhi,124779,6194,16913.08,363,68844.98
Winter Sale,Facebook,25-34,Male,Bangalore,123099,4595,36349.08,130,19325.18
Summer Sale,Instagram,25-34,Female,Hyderabad,22561,1531,8066.63,57,11557.22
Diwali Offer,Facebook,25-34,Female,Hyderabad,97152,2203,13930.03,22,3213.3
Flash Sale,Facebook,18-24,Female,Chandigarh,140036,5124,33081.18,51,8487.37
Tech Fest,Facebook,25-34,Female,Pune,139049,3698,29105.87,36,8629.35
Diwali Offer,Instagram,45-54,Female,Pune,41734,2893,18283.81,144,21454.65
Tech Fest,Google,45-54,Male,Hyderabad,41069,1097,6783.41,32,4158.79
Summer Sale,Instagram,45-54,Male,Delhi,27910,1347,3906.18,21,2722.88
New Product,Instagram,25-34,Female,Bangalore,88479,5266,29544.62,273,68716.78
Brand Awareness,Instagram,35-44,Male,Hyderabad,96264,7102,24154.0,307,58627.44
Fashion Week,Facebook,35-44,Female,Mumbai,38275,1309,9064.3,38,6738.07
College Offer,Facebook,45-54,Male,Bangalore,87274,2473,13782.85,107,24986.96
Diwali Offer,Instagram,18-24,Female,Pune,115776,8981,59107.25,556,131780.69
Brand Awareness,Facebook,35-44,Female,Hyderabad,63447,1118,3074.54,16,2664.11
College Offer,Instagram,25-34,Female,Chandigarh,141394,4045,12170.4,54,11723.75
New Product,Facebook,35-44,Male,Mumbai,90703,3653,24832.88,36,8206.46
Fashion Week,Instagram,45-54,Male,Hyderabad,91090,4461,13081.91,119,25186.48
College Offer,Facebook,18-24,Female,Delhi,32260,733,2145.89,13,1835.9
College Offer,Instagram,35-44,Female,Mumbai,127581,8101,20841.04,255,61869.03
Diwali Offer,Google,35-44,Male,Hyderabad,18812,901,7423.35,29,5668.72
Festive Campaign,Instagram,45-54,Male,Delhi,131148,6325,43800.94,227,36216.97
Fashion Week,Instagram,18-24,Male,Mumbai,131421,5209,24063.02,143,25673.07
Brand Awareness,Instagram,18-24,Male,Delhi,16605,1087,4651.51,39,4885.14
New Product,Google,45-54,Male,Delhi,87303,4609,21193.19,182,25098.05
Fashion Week,Google,25-34,Female,Mumbai,91125,3992,28534.5,151,34303.66
Summer Sale,Instagram,35-44,Male,Mumbai,139040,10728,69391.1,406,48720.66
Festive Campaign,Facebook,25-34,Female,Delhi,19324,428,1545.58,16,2853.11
Summer Sale,Google,35-44,Female,Pune,91323,2437,8638.33,53,10237.03
New Product,Facebook,35-44,Male,Mumbai,24111,643,1987.11,15,1914.73
Diwali Offer,Facebook,25-34,Male,Hyderabad,31389,1081,6985.22,38,9736.78
Diwali Offer,Instagram,45-54,Female,Bangalore,137177,7945,56300.14,342,51866.88
New Product,Instagram,45-54,Male,Chandigarh,56427,2940,12025.42,142,23087.47
Tech Fest,Google,35-44,Female,Delhi,137883,6787,17820.42,264,42913.72
New Product,Google,45-54,Male,Delhi,146189,4382,13115.46,77,11723.89
Festive Campaign,Facebook,35-44,Male,Chandigarh,140808,7367,61198.85,306,36783.14
Winter Sale,Instagram,45-54,Male,Pune,127221,6871,29357.51,168,37314.19
Diwali Offer,Instagram,35-44,Female,Chandigarh,28234,1931,13739.72,91,23237.61
Flash Sale,Facebook,45-54,Male,Mumbai,68441,2676,16719.6,79,11960.69
Festive Campaign,Google,18-24,Female,Chandigarh,15846,799,3828.52,26,5533.49
Festive Campaign,Google,25-34,Male,Delhi,25954,1345,5022.4,47,10521.68
Festive Campaign,Google,18-24,Female,Chandigarh,94239,4747,15324.83,64,15281.89
College Offer,Facebook,25-34,Male,Bangalore,61514,2627,16261.33,66,11825.09
Festive Campaign,Instagram,25-34,Female,Hyderabad,103236,7324,52350.51,356,57818.08
Diwali Offer,Instagram,35-44,Female,Mumbai,112579,6457,41088.64,270,44696.16
Winter Sale,Google,25-34,Female,Chandigarh,57101,3055,17357.94,78,17141.82
Winter Sale,Facebook,18-24,Female,Delhi,79323,2690,7402.09,113,26481.45
Festive Campaign,Instagram,18-24,Female,Hyderabad,106922,7728,64226.89,292,42464.38
Summer Sale,Instagram,45-54,Female,Mumbai,142534,6682,48727.05,306,52611.11
Diwali Offer,Facebook,18-24,Male,Delhi,82584,4675,19901.16,209,51470.77
Diwali Offer,Instagram,45-54,Female,Pune,119537,6516,54602.92,200,46587.42
Fashion Week,Instagram,25-34,Female,Bangalore,93477,3536,21609.52,178,45902.67
Brand Awareness,Facebook,18-24,Female,Pune,57533,2102,12600.51,29,6542.25
Tech Fest,Facebook,25-34,Male,Bangalore,16828,451,3151.79,15,2625.71
Tech Fest,Facebook,18-24,Male,Chandigarh,16917,762,5616.41,34,6891.44
Summer Sale,Instagram,18-24,Male,Mumbai,35618,1680,10817.3,44,9351.85
Tech Fest,Facebook,45-54,Female,Chandigarh,47254,1400,4576.0,58,7597.06
Fashion Week,Instagram,25-34,Male,Bangalore,120292,3888,17611.1,90,17660.66
New Product,Instagram,18-24,Male,Bangalore,62362,3091,24939.74,121,26535.89
Tech Fest,Facebook,35-44,Female,Bangalore,35128,351,1350.54,6,860.55
Diwali Offer,Facebook,25-34,Female,Hyderabad,138781,2219,10502.53,34,7795.81
New Product,Google,25-34,Male,Delhi,80545,4359,22198.04,209,42161.19
Tech Fest,Facebook,25-34,Female,Mumbai,97180,4317,22173.97,183,46355.92
Diwali Offer,Facebook,45-54,Female,Chandigarh,102958,4129,25507.47,41,5163.5
Diwali Offer,Instagram,35-44,Female,Chandigarh,148291,6435,52499.66,309,48558.01
Festive Campaign,Instagram,25-34,Female,Pune,54809,2983,11765.42,55,11231.96
Winter Sale,Instagram,18-24,Male,Bangalore,131748,7240,23378.02,370,59761.8
Summer Sale,Instagram,18-24,Female,Bangalore,20287,833,3069.46,37,8140.72
Fashion Week,Google,45-54,Male,Bangalore,23512,1482,11591.54,44,9955.47
College Offer,Instagram,18-24,Male,Chandigarh,147414,9659,61574.82,382,51322.55
Brand Awareness,Google,25-34,Male,Pune,123872,5245,22109.99,97,18618.14
Tech Fest,Facebook,18-24,Male,Delhi,108070,3817,28229.32,96,18359.49
Tech Fest,Google,25-34,Female,Hyderabad,94767,4501,34514.66,139,23866.2
New Product,Facebook,18-24,Female,Mumbai,112829,1184,8973.64,27,6766.46
New Product,Facebook,35-44,Female,Delhi,57078,1828,14648.79,76,17924.67
Brand Awareness,Facebook,45-54,Male,Chandigarh,121288,3252,13051.73,130,28289.21
Tech Fest,Instagram,45-54,Male,Hyderabad,98524,4234,29766.09,107,23540.61
Flash Sale,Facebook,35-44,Male,Hyderabad,27219,860,4526.38,20,3692.81
Fashion Week,Instagram,35-44,Female,Hyderabad,15235,1166,8805.62,35,8712.87
Tech Fest,Instagram,45-54,Male,Bangalore,57929,3631,24948.4,120,26069.2
Winter Sale,Facebook,35-44,Female,Mumbai,142309,4005,28670.53,142,31532.14
Brand Awareness,Instagram,25-34,Female,Chandigarh,82444,5100,32828.55,315,75800.57
Flash Sale,Google,18-24,Female,Chandigarh,116834,7219,25732.65,199,31515.63
Fashion Week,Google,45-54,Female,Hyderabad,99555,5584,32220.58,180,41938.19
Tech Fest,Google,35-44,Male,Chandigarh,88698,4054,34086.11,135,19890.05
College Offer,Instagram,25-34,Female,Mumbai,139450,6587,53514.95,249,41918.62
Festive Campaign,Instagram,45-54,Male,Mumbai,58925,3734,10302.26,125,20873.18
Winter Sale,Google,35-44,Female,Pune,102388,5090,17758.44,208,53454.66
College Offer,Facebook,45-54,Male,Pune,23007,1052,3461.47,29,6957.54
New Product,Google,35-44,Male,Delhi,73596,3872,26545.97,144,31415.58
New Product,Google,45-54,Female,Mumbai,136101,7838,58053.81,366,81174.39
Tech Fest,Google,25-34,Female,Mumbai,103861,4006,15146.96,119,23644.13
New Product,Instagram,25-34,Female,Mumbai,101740,7204,39874.98,304,76788.18
Winter Sale,Instagram,18-24,Male,Pune,30524,1751,13209.93,67,12694.91
Fashion Week,Google,45-54,Female,Hyderabad,146149,10216,70457.8,468,81091.52
Diwali Offer,Instagram,18-24,Female,Hyderabad,140501,6565,37771.22,195,27850.86
Summer Sale,Instagram,45-54,Male,Chandigarh,35611,2700,16313.63,127,29218.74
Brand Awareness,Facebook,35-44,Female,Hyderabad,29060,1086,6027.48,52,11586.75
Fashion Week,Google,35-44,Male,Bangalore,58303,2167,9286.22,77,13383.35
Diwali Offer,Facebook,18-24,Female,Pune,54711,1597,9406.54,33,4076.39
Flash Sale,Facebook,45-54,Male,Mumbai,88340,2752,18254.87,93,22083.75
Winter Sale,Instagram,18-24,Male,Hyderabad,117974,7089,54868.42,266,32345.21
College Offer,Facebook,25-34,Female,Pune,82728,3414,21568.79,154,33651.77
Diwali Offer,Google,18-24,Male,Hyderabad,26246,1000,7066.73,33,8442.59
Winter Sale,Instagram,18-24,Female,Delhi,142796,7812,27032.88,291,52750.32
Festive Campaign,Facebook,35-44,Female,Mumbai,107263,6511,34308.7,307,46939.16
College Offer,Google,18-24,Male,Delhi,26302,1728,4416.75,44,9622.01
New Product,Facebook,45-54,Female,Mumbai,82506,3319,13209.86,56,13126.28
New Product,Facebook,35-44,Male,Pune,56157,1991,13655.81,27,5305.51
College Offer,Facebook,18-24,Male,Chandigarh,69917,2547,21524.34,77,19664.64
Flash Sale,Instagram,25-34,Male,Hyderabad,111646,6962,21547.87,442,56237.26
Flash Sale,Instagram,18-24,Male,Hyderabad,98122,4192,20578.39,246,46905.16
Flash Sale,Google,18-24,Male,Bangalore,39519,1656,12089.51,64,14117.35
Diwali Offer,Google,18-24,Male,Delhi,95910,2395,8919.49,67,16131.57
Brand Awareness,Google,35-44,Male,Hyderabad,135430,6743,39315.13,96,13929.2
Diwali Offer,Google,45-54,Male,Pune,86324,4555,31422.34,141,32712.07
Tech Fest,Facebook,25-34,Female,Chandigarh,20408,595,3686.57,8,1579.03
Summer Sale,Facebook,18-24,Female,Pune,74379,4008,14541.62,122,21413.14
College Offer,Google,45-54,Male,Delhi,40053,1213,5618.99,28,3876.32
Fashion Week,Facebook,45-54,Female,Bangalore,146994,2561,18446.24,31,7475.38
Summer Sale,Facebook,35-44,Female,Hyderabad,113723,4286,24967.49,42,5964.77
Festive Campaign,Google,25-34,Female,Pune,66356,3819,9667.33,187,30550.25
Diwali Offer,Google,35-44,Female,Mumbai,25789,1681,11877.85,52,8351.53
Diwali Offer,Instagram,45-54,Female,Chandigarh,112720,5578,15126.8,215,52029.56
Winter Sale,Instagram,45-54,Female,Pune,81656,5548,38693.99,392,83957.94
Summer Sale,Instagram,45-54,Male,Chandigarh,59028,3219,11958.21,88,20375.11
Winter Sale,Facebook,35-44,Female,Hyderabad,79484,2617,21586.17,26,4031.7
Fashion Week,Instagram,25-34,Female,Mumbai,47154,3093,14560.74,127,26350.26
Winter Sale,Facebook,18-24,Female,Bangalore,17336,742,3310.5,33,6601.47
Summer Sale,Facebook,35-44,Female,Bangalore,118677,1908,6474.47,77,18217.91
College Offer,Instagram,45-54,Male,Mumbai,82779,6019,26084.09,203,50110.99
Festive Campaign,Facebook,35-44,Male,Chandigarh,34029,1754,13610.87,75,9127.65
Diwali Offer,Instagram,45-54,Male,Hyderabad,74201,3524,29876.49,102,21865.0
Fashion Week,Instagram,18-24,Male,Pune,47265,2824,13300.64,113,14380.04
Diwali Offer,Google,18-24,Female,Mumbai,117916,6005,31175.94,409,80507.65
Tech Fest,Instagram,25-34,Male,Delhi,61197,3557,24302.94,79,12661.22
Festive Campaign,Instagram,45-54,Male,Chandigarh,140733,6810,53234.96,259,42203.72
Brand Awareness,Facebook,25-34,Male,Bangalore,86907,2341,14182.4,67,11350.75
Winter Sale,Google,25-34,Male,Mumbai,143876,6430,31180.06,296,61266.36
New Product,Instagram,18-24,Female,Bangalore,79435,5486,27296.86,261,43526.19
Summer Sale,Facebook,35-44,Male,Chandigarh,55631,2309,15409.59,80,17806.23
Diwali Offer,Instagram,35-44,Female,Bangalore,144038,7281,18343.09,230,40625.78
Winter Sale,Instagram,25-34,Male,Mumbai,35103,2255,14020.54,106,13734.36
Fashion Week,Facebook,18-24,Female,Chandigarh,79772,797,3692.47,7,1608.08
Diwali Offer,Facebook,45-54,Female,Delhi,141108,6883,50006.26,294,47041.81
Brand Awareness,Facebook,35-44,Male,Mumbai,29382,414,1265.99,4,722.35
Festive Campaign,Facebook,25-34,Male,Pune,99291,3043,18346.9,90,19436.59
Festive Campaign,Google,35-44,Male,Hyderabad,116195,3667,19749.87,93,15488.58
Diwali Offer,Facebook,35-44,Male,Mumbai,149828,2916,18528.13,95,12152.59
Fashion Week,Instagram,45-54,Female,Chandigarh,35609,2454,7089.9,112,19303.08
Festive Campaign,Google,18-24,Female,Hyderabad,90683,3571,21354.23,35,8827.8
Festive Campaign,Instagram,45-54,Male,Mumbai,139714,8265,48506.52,464,97367.07
Brand Awareness,Facebook,18-24,Male,Delhi,145330,5004,29343.26,82,17548.58
Summer Sale,Instagram,35-44,Female,Delhi,86315,5241,32079.77,178,37116.47
Fashion Week,Instagram,25-34,Male,Pune,92834,5191,34046.77,166,24544.58
Fashion Week,Google,45-54,Female,Bangalore,141205,4180,30639.12,172,30713.48
College Offer,Google,18-24,Male,Hyderabad,29153,1660,6837.41,23,5178.03
College Offer,Facebook,35-44,Female,Chandigarh,91325,2655,19780.54,164,22007.52
Festive Campaign,Facebook,18-24,Female,Chandigarh,70318,1147,6296.5,34,5402.58
New Product,Instagram,18-24,Female,Bangalore,146886,7324,21696.25,282,44749.08
College Offer,Instagram,18-24,Female,Delhi,130033,9493,27067.44,455,82119.61
Festive Campaign,Instagram,35-44,Female,Delhi,91077,5938,26753.24,283,72802.21
Flash Sale,Facebook,25-34,Male,Mumbai,105474,3250,23430.49,103,13333.39
Tech Fest,Facebook,25-34,Female,Pune,148515,4575,30863.34,151,29085.34
Tech Fest,Facebook,25-34,Male,Hyderabad,88319,2750,19887.15,88,12769.77
Fashion Week,Instagram,18-24,Female,Pune,140885,11259,63091.09,602,154048.62
New Product,Google,35-44,Female,Pune,124777,6186,31803.43,206,27987.67
Brand Awareness,Facebook,18-24,Male,Mumbai,32368,1299,4396.74,37,6530.65
Summer Sale,Facebook,25-34,Male,Pune,106751,5056,22596.06,162,36175.23
College Offer,Facebook,25-34,Male,Bangalore,42306,1601,8171.69,68,14867.36
Flash Sale,Facebook,35-44,Male,Mumbai,52219,1665,5047.62,55,9855.01
Festive Campaign,Instagram,18-24,Female,Bangalore,75279,3962,15149.39,39,6572.02
New Product,Instagram,45-54,Male,Mumbai,68028,3683,22427.08,169,29687.51
Fashion Week,Google,45-54,Female,Pune,119263,5313,36733.97,187,29358.75
College Offer,Instagram,25-34,Male,Bangalore,15126,964,8184.44,41,6098.61
New Product,Instagram,35-44,Male,Bangalore,67329,3745,30329.56,128,24016.07
College Offer,Instagram,18-24,Female,Bangalore,42632,2719,17280.31,155,24427.18
Summer Sale,Instagram,18-24,Female,Mumbai,124945,6750,33935.55,334,53521.71
Summer Sale,Google,25-34,Male,Chandigarh,70176,3224,20366.21,78,16531.78
Brand Awareness,Facebook,25-34,Female,Pune,149869,1651,11910.16,32,8179.05
Tech Fest,Facebook,18-24,Female,Bangalore,49560,2279,7315.63,50,10225.46
Winter Sale,Instagram,18-24,Female,Hyderabad,91589,5418,26870.19,132,17262.58
Winter Sale,Facebook,25-34,Female,Chandigarh,37116,1743,13140.15,46,6006.76
College Offer,Facebook,18-24,Female,Hyderabad,147717,1477,7094.03,35,8861.97
Brand Awareness,Instagram,45-54,Female,Pune,139085,11135,66044.29,712,115073.95
Winter Sale,Facebook,25-34,Female,Pune,132718,4422,26649.7,145,19268.96
Fashion Week,Instagram,18-24,Female,Bangalore,34256,2339,8436.44,128,26094.88
Winter Sale,Facebook,25-34,Male,Bangalore,115158,2593,12118.16,70,14511.76
Diwali Offer,Facebook,35-44,Female,Mumbai,134719,5705,25712.82,137,28878.32
Festive Campaign,Instagram,25-34,Male,Chandigarh,83244,3526,9369.22,130,20466.72
Brand Awareness,Instagram,25-34,Female,Chandigarh,71264,3386,8956.48,149,18195.21
Fashion Week,Facebook,35-44,Female,Bangalore,72545,4205,31496.22,207,52806.15
New Product,Facebook,45-54,Female,Pune,54224,1773,7337.43,72,11169.0
Fashion Week,Google,18-24,Female,Bangalore,112945,5377,30156.76,232,49797.33
Tech Fest,Facebook,35-44,Male,Pune,28224,1282,5502.8,48,10508.55
New Product,Instagram,25-34,Male,Pune,55738,3397,27665.42,186,38204.59
Flash Sale,Instagram,18-24,Female,Bangalore,78731,4472,18137.45,176,28830.04
Festive Campaign,Facebook,35-44,Male,Delhi,23070,908,4610.77,17,2685.21
Festive Campaign,Instagram,18-24,Female,Chandigarh,141161,11835,91560.08,623,126888.63
Festive Campaign,Facebook,18-24,Female,Hyderabad,23666,811,6124.35,14,3377.55
Festive Campaign,Google,35-44,Male,Pune,72761,3449,12473.68,91,22981.39
College Offer,Facebook,18-24,Male,Pune,51368,2445,17887.28,80,10786.15
Festive Campaign,Instagram,45-54,Female,Delhi,56914,3885,20392.84,141,19976.32
Festive Campaign,Facebook,35-44,Female,Hyderabad,142738,7029,37941.23,224,56506.93
Festive Campaign,Facebook,45-54,Male,Mumbai,82526,3520,11619.1,35,7809.02
Brand Awareness,Facebook,25-34,Female,Delhi,34956,744,2219.81,16,3897.91
College Offer,Google,18-24,Male,Hyderabad,61240,3956,27168.37,174,25816.13
Summer Sale,Instagram,25-34,Female,Delhi,136008,5609,30730.4,119,24069.18
Fashion Week,Google,25-34,Female,Pune,109270,5313,27208.43,229,49958.54
Fashion Week,Google,18-24,Male,Chandigarh,19757,710,4882.71,28,6026.04
New Product,Instagram,35-44,Male,Delhi,34097,1849,13115.1,35,6199.94
Brand Awareness,Instagram,18-24,Male,Mumbai,118892,7008,24201.77,222,27118.47
Diwali Offer,Instagram,25-34,Female,Bangalore,85480,5031,30997.76,159,32055.93
Fashion Week,Instagram,25-34,Female,Hyderabad,61163,3673,12165.43,111,17253.2
Winter Sale,Instagram,35-44,Female,Delhi,34816,2589,18144.36,153,28004.45
Diwali Offer,Facebook,18-24,Female,Delhi,67853,2744,17676.11,77,19562.72
Festive Campaign,Instagram,25-34,Male,Mumbai,111731,5817,47930.26,197,34645.39
Festive Campaign,Instagram,45-54,Female,Chandigarh,77823,5180,15093.22,109,25895.37
College Offer,Google,25-34,Female,Delhi,16759,993,2822.43,48,7026.99
Diwali Offer,Instagram,25-34,Female,Delhi,107374,4323,18126.87,68,14561.82
Winter Sale,Google,35-44,Male,Chandigarh,148554,7749,31540.24,293,75236.83
College Offer,Instagram,45-54,Female,Mumbai,39442,2501,9958.66,116,15574.74
New Product,Instagram,25-34,Female,Hyderabad,108501,5580,44291.4,296,35864.78
Diwali Offer,Facebook,25-34,Male,Hyderabad,17079,879,3513.61,18,3252.63
Brand Awareness,Facebook,45-54,Female,Delhi,148789,4939,20406.46,49,6515.41
Festive Campaign,Google,18-24,Female,Chandigarh,74676,3472,24499.78,125,28096.73
Festive Campaign,Facebook,18-24,Male,Delhi,105397,3469,18033.39,167,41422.15
Tech Fest,Google,25-34,Female,Bangalore,87847,3969,28419.09,191,34525.72
College Offer,Instagram,25-34,Female,Hyderabad,108607,4544,13142.14,154,24057.82
Summer Sale,Instagram,18-24,Female,Pune,79077,2982,16178.62,69,12476.34
Summer Sale,Google,35-44,Male,Bangalore,53258,3415,9226.24,182,40273.45
College Offer,Google,45-54,Female,Delhi,134771,4694,13499.56,74,8973.8
Brand Awareness,Google,45-54,Female,Mumbai,53000,1754,13924.35,56,11341.32
Flash Sale,Facebook,35-44,Male,Hyderabad,41737,417,1390.89,8,1646.89
College Offer,Instagram,35-44,Male,Pune,26485,1253,7135.24,59,12347.3
Brand Awareness,Google,35-44,Female,Bangalore,53565,1559,7742.89,89,13695.6
New Product,Instagram,35-44,Female,Hyderabad,134614,10056,46097.31,546,120102.19
Festive Campaign,Google,35-44,Female,Chandigarh,80155,4578,36161.62,154,20450.4
Winter Sale,Google,35-44,Female,Mumbai,67487,2479,6522.1,70,10352.85
Flash Sale,Facebook,45-54,Male,Bangalore,144948,8991,58286.3,192,46626.39
Diwali Offer,Google,35-44,Female,Chandigarh,27342,1552,12851.13,48,10724.22
Flash Sale,Google,18-24,Male,Delhi,55806,2293,13439.29,60,7315.46
Winter Sale,Instagram,35-44,Male,Chandigarh,63770,1594,12944.77,25,3869.32
Tech Fest,Google,35-44,Female,Bangalore,93623,6786,19092.73,340,51005.75
Festive Campaign,Facebook,45-54,Female,Bangalore,118177,2165,10852.63,21,3316.17
Summer Sale,Google,45-54,Male,Delhi,146026,3687,14972.71,132,20414.9
Brand Awareness,Instagram,35-44,Male,Chandigarh,90629,6096,41970.51,277,35664.77
College Offer,Google,45-54,Female,Chandigarh,135993,10101,84724.99,497,91573.08
College Offer,Instagram,25-34,Male,Delhi,141944,10164,41054.23,446,99271.88
Summer Sale,Instagram,45-54,Female,Chandigarh,120947,7470,47995.11,331,67835.95
Flash Sale,Google,45-54,Female,Hyderabad,41399,2158,7959.97,101,21634.41
Festive Campaign,Instagram,45-54,Male,Delhi,143177,9341,55037.0,317,41641.4
Fashion Week,Instagram,45-54,Male,Mumbai,124575,7986,42194.79,286,72417.69
Brand Awareness,Google,18-24,Female,Bangalore,125904,6090,50742.07,191,45341.27
New Product,Google,18-24,Male,Mumbai,45678,2112,12991.26,37,8610.37
Winter Sale,Facebook,18-24,Female,Hyderabad,91218,3124,14361.15,54,12701.76
Flash Sale,Facebook,35-44,Female,Hyderabad,78230,2030,6464.69,34,8519.7
Diwali Offer,Facebook,35-44,Female,Pune,89055,2816,9595.47,102,20011.95
Tech Fest,Instagram,25-34,Male,Pune,87258,3026,11655.85,92,13619.63
College Offer,Instagram,18-24,Female,Pune,54986,2959,11853.16,119,24555.61
Flash Sale,Facebook,35-44,Female,Delhi,100595,2327,17693.8,73,16352.25
Tech Fest,Google,45-54,Female,Chandigarh,116358,3695,21679.81,89,19874.45
Winter Sale,Google,45-54,Female,Hyderabad,79929,3769,21258.46,147,28371.42
College Offer,Google,18-24,Female,Mumbai,88506,5461,17413.02,224,29026.87
College Offer,Instagram,25-34,Female,Mumbai,49911,3295,25242.46,158,27169.02
Fashion Week,Facebook,25-34,Female,Mumbai,102127,1649,11274.02,17,4231.42
Flash Sale,Instagram,45-54,Female,Mumbai,128453,5539,16096.39,55,11100.26
Festive Campaign,Facebook,25-34,Female,Pune,99458,4603,31056.49,148,28914.24
Summer Sale,Facebook,18-24,Female,Mumbai,27175,630,3629.57,24,3783.35
Summer Sale,Google,45-54,Female,Chandigarh,134235,5678,16979.22,243,41694.63
New Product,Instagram,35-44,Male,Pune,69771,4297,22558.41,231,56675.49
Diwali Offer,Instagram,35-44,Female,Mumbai,142157,6166,33346.82,290,61858.4
Tech Fest,Instagram,25-34,Female,Delhi,136300,7668,26796.96,310,71372.6
Flash Sale,Google,45-54,Female,Bangalore,101925,2954,24146.55,79,14505.06
Brand Awareness,Facebook,45-54,Male,Bangalore,81358,2260,17175.67,36,7496.45
Diwali Offer,Instagram,35-44,Female,Bangalore,62057,3651,23783.1,135,20894.45
Fashion Week,Instagram,45-54,Male,Pune,21150,758,3997.52,27,5906.64
College Offer,Facebook,45-54,Female,Mumbai,19425,782,3887.0,35,6295.25
Festive Campaign,Instagram,45-54,Female,Hyderabad,31032,1699,10883.52,62,11281.3
Flash Sale,Google,25-34,Male,Hyderabad,17198,887,5120.29,27,5694.44
Diwali Offer,Facebook,45-54,Female,Hyderabad,133865,5044,14494.63,147,36908.66
Diwali Offer,Instagram,18-24,Male,Pune,38236,2728,15208.64,149,19215.17
Festive Campaign,Instagram,25-34,Male,Chandigarh,102955,5817,42687.6,129,30374.86
New Product,Google,45-54,Female,Delhi,118145,4707,24737.35,47,7563.88
Tech Fest,Instagram,45-54,Female,Delhi,109914,6206,17449.66,204,37158.34
Tech Fest,Instagram,18-24,Female,Bangalore,117870,7251,52335.32,200,24613.57
Diwali Offer,Google,25-34,Female,Bangalore,131243,5982,22182.35,164,26592.02
Winter Sale,Google,35-44,Male,Hyderabad,29596,1346,5453.62,42,7995.47
Diwali Offer,Google,35-44,Male,Hyderabad,147351,5389,18798.12,124,15855.22
Diwali Offer,Google,25-34,Female,Bangalore,126496,4686,20999.33,216,40770.73
Festive Campaign,Instagram,45-54,Male,Mumbai,145273,5544,39032.58,185,46212.17
College Offer,Instagram,45-54,Male,Chandigarh,135674,10310,57904.21,555,74789.05
Festive Campaign,Google,35-44,Female,Chandigarh,135307,4069,15174.47,132,29966.86
Flash Sale,Facebook,35-44,Male,Chandigarh,34063,908,7052.42,9,1596.19
Diwali Offer,Facebook,35-44,Male,Chandigarh,82642,2180,16954.93,77,16302.77
Tech Fest,Google,18-24,Female,Bangalore,105093,5857,45236.37,224,35041.02
Brand Awareness,Instagram,35-44,Male,Delhi,50954,2622,10311.74,117,16652.48
Tech Fest,Facebook,18-24,Female,Bangalore,42856,2141,11149.12,49,6980.77
Summer Sale,Instagram,25-34,Male,Chandigarh,17573,824,6929.79,12,1558.43
New Product,Facebook,45-54,Female,Bangalore,50367,1931,13772.04,76,11095.28
Fashion Week,Instagram,35-44,Male,Chandigarh,114608,5154,13725.13,194,41320.2
Flash Sale,Instagram,45-54,Male,Pune,75774,6118,17688.53,257,62563.23
Flash Sale,Instagram,45-54,Female,Hyderabad,38752,1579,8342.79,32,7487.28
New Product,Facebook,35-44,Female,Delhi,70029,2711,21566.88,117,25262.5
Brand Awareness,Facebook,35-44,Female,Pune,145282,6189,35476.65,109,14765.19
Fashion Week,Facebook,25-34,Female,Mumbai,66693,2665,14622.52,133,21344.67
College Offer,Google,18-24,Male,Bangalore,131739,5635,17653.57,119,19441.38
Diwali Offer,Instagram,18-24,Male,Mumbai,70961,3792,24423.06,172,26658.96
Fashion Week,Instagram,45-54,Male,Bangalore,141678,7866,58464.98,276,53019.82
Brand Awareness,Google,35-44,Female,Hyderabad,89532,3871,18513.14,152,29636.59
Winter Sale,Instagram,25-34,Male,Pune,96994,6456,46184.1,249,42321.05
Summer Sale,Google,25-34,Male,Hyderabad,71133,5087,42155.26,233,39500.6
Fashion Week,Instagram,25-34,Female,Chandigarh,76268,3684,13714.05,131,30915.71
Fashion Week,Google,25-34,Female,Hyderabad,46653,1332,7512.45,16,3688.02
Summer Sale,Instagram,25-34,Male,Hyderabad,136829,7380,31164.47,347,56592.72
Diwali Offer,Google,18-24,Female,Chandigarh,143377,10890,79030.11,480,119006.58
Fashion Week,Facebook,18-24,Male,Bangalore,16622,421,2511.5,8,2027.15
Summer Sale,Google,18-24,Male,Chandigarh,63756,4123,26005.8,132,21878.2
Summer Sale,Instagram,35-44,Female,Pune,55809,4193,30556.42,79,13399.94
Summer Sale,Facebook,45-54,Male,Hyderabad,31725,899,4383.36,19,3624.99
Festive Campaign,Google,25-34,Female,Chandigarh,66226,3432,27423.53,226,56897.06
Brand Awareness,Facebook,35-44,Female,Hyderabad,96182,5245,29886.92,251,60913.86
Festive Campaign,Facebook,25-34,Male,Pune,44402,1352,4661.33,33,4433.86
Winter Sale,Facebook,18-24,Male,Mumbai,19263,627,4185.47,14,2449.75
College Offer,Facebook,35-44,Male,Pune,62924,1763,12798.62,42,8293.82
Festive Campaign,Facebook,18-24,Female,Delhi,89182,2035,8955.16,56,10664.56
Festive Campaign,Facebook,25-34,Male,Delhi,50737,1380,10547.44,13,1912.83
Brand Awareness,Google,25-34,Female,Delhi,116332,3526,27985.37,135,32431.64
College Offer,Instagram,45-54,Female,Hyderabad,104563,5793,24107.15,275,59062.22
New Product,Instagram,25-34,Male,Bangalore,143575,6570,55195.42,277,65734.09
Summer Sale,Google,18-24,Female,Bangalore,116371,5563,18604.17,222,53330.39
Flash Sale,Google,25-34,Male,Bangalore,53709,1414,5248.9,32,7192.63
College Offer,Facebook,45-54,Male,Hyderabad,36172,1409,5079.94,53,9618.94
Winter Sale,Facebook,45-54,Male,Pune,26555,1195,9397.41,48,9862.87
Diwali Offer,Instagram,18-24,Male,Bangalore,68276,2121,13629.03,45,6410.3
Winter Sale,Instagram,35-44,Male,Mumbai,72492,4312,14715.24,148,31717.93
Summer Sale,Facebook,25-34,Male,Delhi,104599,5201,26743.23,192,27858.33
College Offer,Instagram,45-54,Male,Pune,26046,1054,6526.14,52,11291.95
Winter Sale,Facebook,25-34,Female,Delhi,131021,7215,21650.66,172,26168.72
Winter Sale,Instagram,25-34,Male,Bangalore,19853,1191,9283.25,28,3820.8
New Product,Google,35-44,Female,Pune,135900,4965,36351.85,151,21614.11
New Product,Google,45-54,Female,Chandigarh,74129,3286,18175.66,110,13230.68
